2026-07-31T09:33:16.900007Z,R-2bfb0433,INGRESS_TOXICITY_CHECK,44.755600
2026-07-31T09:33:24.222899Z,R-2bfb0433,LLM_INITIAL_CALL,7321.380100
2026-07-31T09:33:24.269248Z,R-2bfb0433,EGRESS_PII_GUARDRAIL,44.854200
2026-07-31T09:33:24.444895Z,R-2bfb0433,EGRESS_TOXICITY_CHECK,174.811500
2026-07-31T09:33:32.365923Z,R-2bfb0433,LLM_WATCHDOG,7907.737700
2026-07-31T09:46:46.491505Z,R-55947d01,INGRESS_TOXICITY_CHECK,41.044100
2026-07-31T09:46:46.493586Z,R-55947d01,LLM_INITIAL_CALL,0.757300
2026-07-31T09:46:46.553355Z,R-55947d01,EGRESS_PII_GUARDRAIL,59.399600
2026-07-31T09:46:46.700098Z,R-55947d01,EGRESS_TOXICITY_CHECK,144.756200
2026-07-31T09:47:15.050160Z,R-55947d01,LLM_WATCHDOG,28335.063700
2026-07-31T09:47:53.814200Z,R-b0277bd6,INGRESS_TOXICITY_CHECK,37.754200
2026-07-31T09:47:59.763942Z,R-b0277bd6,LLM_INITIAL_CALL,5947.900700
2026-07-31T09:47:59.791115Z,R-b0277bd6,EGRESS_PII_GUARDRAIL,26.842900
2026-07-31T09:47:59.991780Z,R-b0277bd6,EGRESS_TOXICITY_CHECK,199.229900
2026-07-31T09:48:06.490518Z,R-b0277bd6,LLM_WATCHDOG,6475.947600
2026-07-31T09:58:13.649685Z,R-f4fef87c,INGRESS_TOXICITY_CHECK,42.342300
2026-07-31T09:58:26.811200Z,R-f4fef87c,LLM_INITIAL_CALL,13160.403200
2026-07-31T09:58:26.902494Z,R-f4fef87c,EGRESS_PII_GUARDRAIL,90.762200
2026-07-31T09:58:27.169015Z,R-f4fef87c,EGRESS_TOXICITY_CHECK,264.705400
2026-07-31T09:58:37.980261Z,R-f4fef87c,LLM_WATCHDOG,10793.986800
2026-07-31T10:27:17.272156Z,R-a7b71947,INGRESS_TOXICITY_CHECK,36.582800
2026-07-31T10:27:17.274710Z,R-a7b71947,LLM_INITIAL_CALL,0.575900
2026-07-31T10:27:17.303178Z,R-a7b71947,EGRESS_PII_GUARDRAIL,27.853400
2026-07-31T10:27:17.368465Z,R-a7b71947,EGRESS_TOXICITY_CHECK,64.097400
2026-07-31T10:27:20.544346Z,R-3356e20c,INGRESS_TOXICITY_CHECK,29.221800
2026-07-31T10:27:20.546572Z,R-3356e20c,LLM_INITIAL_CALL,0.680900
2026-07-31T10:27:20.587301Z,R-3356e20c,EGRESS_PII_GUARDRAIL,40.412200
2026-07-31T10:27:20.682330Z,R-3356e20c,EGRESS_TOXICITY_CHECK,93.929900
2026-07-31T10:28:21.763139Z,R-d650254c,INGRESS_TOXICITY_CHECK,38.121900
2026-07-31T10:28:31.190907Z,R-d650254c,LLM_INITIAL_CALL,9426.828400
2026-07-31T10:28:31.227737Z,R-d650254c,EGRESS_PII_GUARDRAIL,41.319600
2026-07-31T10:28:31.445467Z,R-d650254c,EGRESS_TOXICITY_CHECK,211.487300
2026-07-31T10:28:39.424668Z,R-6b02a79a,INGRESS_TOXICITY_CHECK,30.457700
2026-07-31T10:28:49.373980Z,R-6b02a79a,LLM_INITIAL_CALL,9948.143500
2026-07-31T10:28:49.405752Z,R-6b02a79a,EGRESS_PII_GUARDRAIL,43.248100
2026-07-31T10:28:49.670256Z,R-6b02a79a,EGRESS_TOXICITY_CHECK,250.609600
2026-07-31T11:04:44.782301Z,R-caa5d279,INGRESS_TOXICITY_CHECK,0.457400
2026-07-31T11:04:51.120024Z,R-caa5d279,LLM_INITIAL_CALL,6334.440700
2026-07-31T11:04:51.121566Z,R-caa5d279,EGRESS_PII_GUARDRAIL,0.445000
2026-07-31T11:04:51.123159Z,R-caa5d279,EGRESS_TOXICITY_CHECK,0.420300
2026-07-31T11:05:00.211531Z,R-45647b70,INGRESS_TOXICITY_CHECK,0.542000
2026-07-31T11:05:00.214454Z,R-45647b70,LLM_INITIAL_CALL,0.969500
2026-07-31T11:05:00.216421Z,R-45647b70,EGRESS_PII_GUARDRAIL,0.549300
2026-07-31T11:05:00.217582Z,R-45647b70,EGRESS_TOXICITY_CHECK,0.410000
2026-07-31T11:05:06.013940Z,R-732899b7,INGRESS_TOXICITY_CHECK,0.471200
2026-07-31T11:05:06.015849Z,R-732899b7,LLM_INITIAL_CALL,0.669100
2026-07-31T11:05:06.016946Z,R-732899b7,EGRESS_PII_GUARDRAIL,0.388000
2026-07-31T11:05:06.018604Z,R-732899b7,EGRESS_TOXICITY_CHECK,0.353700
2026-07-31T11:05:11.034934Z,R-10e36cee,INGRESS_TOXICITY_CHECK,0.501600
2026-07-31T11:05:11.037328Z,R-10e36cee,LLM_INITIAL_CALL,0.738600
2026-07-31T11:05:11.038525Z,R-10e36cee,EGRESS_PII_GUARDRAIL,0.372700
2026-07-31T11:05:11.039618Z,R-10e36cee,EGRESS_TOXICITY_CHECK,0.301700
2026-07-31T11:11:08.438038Z,R-4cf7f3cb,INGRESS_TOXICITY_CHECK,40.290600
2026-07-31T11:11:18.299741Z,R-4cf7f3cb,LLM_INITIAL_CALL,9859.914600
2026-07-31T11:11:18.301786Z,R-4cf7f3cb,EGRESS_PII_GUARDRAIL,0.523000
2026-07-31T11:11:18.502847Z,R-4cf7f3cb,EGRESS_TOXICITY_CHECK,200.597300
2026-07-31T11:11:29.875317Z,R-20b1cec8,INGRESS_TOXICITY_CHECK,27.983000
2026-07-31T11:11:44.584610Z,R-20b1cec8,LLM_INITIAL_CALL,14707.441600
2026-07-31T11:11:44.586229Z,R-20b1cec8,EGRESS_PII_GUARDRAIL,0.511300
2026-07-31T11:11:44.849333Z,R-20b1cec8,EGRESS_TOXICITY_CHECK,265.586500
2026-07-31T11:11:55.264654Z,R-089de513,INGRESS_TOXICITY_CHECK,36.037600
2026-07-31T11:12:05.861022Z,R-089de513,LLM_INITIAL_CALL,10593.868600
2026-07-31T11:12:05.862629Z,R-089de513,EGRESS_PII_GUARDRAIL,0.404400
2026-07-31T11:12:06.071736Z,R-089de513,EGRESS_TOXICITY_CHECK,208.522700
2026-07-31T11:12:11.756431Z,R-0d3fe7a3,INGRESS_TOXICITY_CHECK,29.252700
2026-07-31T11:12:29.073515Z,R-0d3fe7a3,LLM_INITIAL_CALL,17314.805100
2026-07-31T11:12:29.075058Z,R-0d3fe7a3,EGRESS_PII_GUARDRAIL,0.523400
2026-07-31T11:12:29.380036Z,R-0d3fe7a3,EGRESS_TOXICITY_CHECK,304.190900
2026-07-31T11:30:35.859413Z,R-ad5446c4,INGRESS_TOXICITY_CHECK,0.498700
2026-07-31T11:30:45.674256Z,R-ad5446c4,LLM_INITIAL_CALL,9807.254900
2026-07-31T11:30:45.676315Z,R-ad5446c4,EGRESS_PII_GUARDRAIL,0.503600
2026-07-31T11:30:45.677860Z,R-ad5446c4,EGRESS_TOXICITY_CHECK,0.322800
2026-07-31T11:30:57.185329Z,R-b101630a,INGRESS_TOXICITY_CHECK,0.374500
2026-07-31T11:31:02.060091Z,R-b101630a,LLM_INITIAL_CALL,4873.443500
2026-07-31T11:31:02.061493Z,R-b101630a,EGRESS_PII_GUARDRAIL,0.456200
2026-07-31T11:31:02.063024Z,R-b101630a,EGRESS_TOXICITY_CHECK,0.422300
2026-07-31T11:31:04.309054Z,R-3710d3d3,INGRESS_TOXICITY_CHECK,0.441900
2026-07-31T11:31:04.310622Z,R-3710d3d3,LLM_INITIAL_CALL,0.002500
2026-07-31T11:31:10.029961Z,R-3710d3d3,LLM_TOOL_FEEDBACK_CALL,5717.320200
2026-07-31T11:31:10.031505Z,R-3710d3d3,EGRESS_PII_GUARDRAIL,0.459500
2026-07-31T11:31:10.033050Z,R-3710d3d3,EGRESS_TOXICITY_CHECK,0.452300
2026-07-31T11:31:37.287491Z,R-087272a5,INGRESS_TOXICITY_CHECK,41.174500
2026-07-31T11:31:47.458860Z,R-087272a5,LLM_INITIAL_CALL,10169.606200
2026-07-31T11:31:47.460414Z,R-087272a5,EGRESS_PII_GUARDRAIL,0.423000
2026-07-31T11:31:47.669659Z,R-087272a5,EGRESS_TOXICITY_CHECK,208.339300
2026-07-31T11:32:08.055374Z,R-f6b4fc01,INGRESS_TOXICITY_CHECK,36.754800
2026-07-31T11:32:16.141375Z,R-f6b4fc01,LLM_INITIAL_CALL,8084.718100
2026-07-31T11:32:16.143591Z,R-f6b4fc01,EGRESS_PII_GUARDRAIL,0.442700
2026-07-31T11:32:16.311806Z,R-f6b4fc01,EGRESS_TOXICITY_CHECK,167.692900
2026-07-31T11:32:34.685996Z,R-7089d242,INGRESS_TOXICITY_CHECK,34.185900
2026-07-31T11:32:40.239593Z,R-7089d242,LLM_INITIAL_CALL,5552.389000
2026-07-31T11:32:40.241169Z,R-7089d242,EGRESS_PII_GUARDRAIL,0.416600
2026-07-31T11:32:40.350872Z,R-7089d242,EGRESS_TOXICITY_CHECK,108.570200
2026-07-31T11:33:23.393918Z,R-5d5bb696,INGRESS_TOXICITY_CHECK,37.767900
2026-07-31T11:33:35.387053Z,R-5d5bb696,LLM_INITIAL_CALL,11991.242700
2026-07-31T11:33:35.388589Z,R-5d5bb696,EGRESS_PII_GUARDRAIL,0.559700
2026-07-31T11:33:35.620002Z,R-5d5bb696,EGRESS_TOXICITY_CHECK,231.198400
2026-07-31T11:33:44.978021Z,R-5d5bb696,LLM_WATCHDOG,9342.674600
2026-07-31T11:34:47.141191Z,R-8dcbbcfe,INGRESS_TOXICITY_CHECK,34.650200
2026-07-31T11:34:53.419721Z,R-8dcbbcfe,LLM_INITIAL_CALL,6278.371200
2026-07-31T11:34:53.423212Z,R-8dcbbcfe,EGRESS_PII_GUARDRAIL,0.486100
2026-07-31T11:34:53.548554Z,R-8dcbbcfe,EGRESS_TOXICITY_CHECK,124.333800
2026-07-31T11:34:59.842392Z,R-8dcbbcfe,LLM_WATCHDOG,6269.928100
2026-07-31T11:36:59.493278Z,R-30e85ca3,INGRESS_TOXICITY_CHECK,39.377300
2026-07-31T11:37:06.884125Z,R-30e85ca3,LLM_INITIAL_CALL,7389.424000
2026-07-31T11:37:06.885685Z,R-30e85ca3,EGRESS_PII_GUARDRAIL,0.516700
2026-07-31T11:37:07.036482Z,R-30e85ca3,EGRESS_TOXICITY_CHECK,149.122500
2026-07-31T11:37:14.054398Z,R-30e85ca3,LLM_WATCHDOG,6993.632600
2026-07-31T11:37:17.348598Z,R-c32cad3a,INGRESS_TOXICITY_CHECK,29.537000
2026-07-31T11:37:32.583587Z,R-6cd8d7f1,INGRESS_TOXICITY_CHECK,56.806500
2026-07-31T11:39:30.239259Z,R-4ef1b1d3,INGRESS_TOXICITY_CHECK,59.810200
2026-07-31T11:39:54.558326Z,R-c32cad3a,LLM_INITIAL_CALL,157204.792500
2026-07-31T11:39:54.560402Z,R-c32cad3a,EGRESS_PII_GUARDRAIL,0.587600
2026-07-31T11:39:55.062257Z,R-c32cad3a,EGRESS_TOXICITY_CHECK,500.557000
2026-07-31T11:39:59.370309Z,R-6cd8d7f1,LLM_INITIAL_CALL,146781.024600
2026-07-31T11:39:59.373426Z,R-6cd8d7f1,EGRESS_PII_GUARDRAIL,1.061000
2026-07-31T11:40:00.865477Z,R-6cd8d7f1,EGRESS_TOXICITY_CHECK,1489.896800
2026-07-31T11:40:07.741236Z,R-4ef1b1d3,LLM_INITIAL_CALL,37498.257600
2026-07-31T11:40:07.744472Z,R-4ef1b1d3,EGRESS_PII_GUARDRAIL,0.726600
2026-07-31T11:40:08.361851Z,R-4ef1b1d3,EGRESS_TOXICITY_CHECK,615.740000
2026-07-31T11:40:50.051723Z,R-c32cad3a,LLM_WATCHDOG,54955.665400
2026-07-31T11:41:03.105269Z,R-6cd8d7f1,LLM_WATCHDOG,62206.220600
2026-07-31T11:41:07.774134Z,R-4ef1b1d3,LLM_WATCHDOG,59368.936400
2026-07-31T11:42:10.499551Z,R-11c68dab,INGRESS_TOXICITY_CHECK,41.683400
2026-07-31T11:42:20.309466Z,R-11c68dab,LLM_INITIAL_CALL,9807.393400
2026-07-31T11:42:20.311561Z,R-11c68dab,EGRESS_PII_GUARDRAIL,0.515000
2026-07-31T11:42:20.512867Z,R-11c68dab,EGRESS_TOXICITY_CHECK,200.095800
2026-07-31T11:42:29.048794Z,R-11c68dab,LLM_WATCHDOG,8520.367800
2026-07-31T11:44:06.305486Z,R-2bf35c34,INGRESS_TOXICITY_CHECK,34.764100
2026-07-31T11:44:06.307218Z,R-2bf35c34,LLM_INITIAL_CALL,0.842400
2026-07-31T11:44:06.358373Z,R-2bf35c34,EGRESS_PII_GUARDRAIL,55.490900
2026-07-31T11:44:06.466547Z,R-2bf35c34,EGRESS_TOXICITY_CHECK,100.600600
2026-07-31T11:44:30.870597Z,R-2bf35c34,LLM_WATCHDOG,24387.508500
2026-07-31T11:45:53.178078Z,R-ab52e3ac,INGRESS_TOXICITY_CHECK,36.333000
2026-07-31T11:45:53.180028Z,R-ab52e3ac,LLM_INITIAL_CALL,0.586200
2026-07-31T11:45:53.204717Z,R-ab52e3ac,EGRESS_PII_GUARDRAIL,24.260300
2026-07-31T11:45:53.304653Z,R-ab52e3ac,EGRESS_TOXICITY_CHECK,97.915100
2026-07-31T11:46:41.480729Z,R-ab52e3ac,LLM_WATCHDOG,48160.742100
2026-07-31T12:06:34.209171Z,R-2e3c42ba,INGRESS_TOXICITY_CHECK,35.434600
2026-07-31T12:06:34.211917Z,R-2e3c42ba,LLM_INITIAL_CALL,0.877700
2026-07-31T12:06:34.225774Z,R-2e3c42ba,EGRESS_PII_GUARDRAIL,24.954200
2026-07-31T12:06:34.339450Z,R-2e3c42ba,EGRESS_TOXICITY_CHECK,99.950300
2026-07-31T12:06:51.069638Z,R-2e3c42ba,LLM_WATCHDOG,16713.978500
2026-07-31T12:08:35.159558Z,R-b6ad7faa,INGRESS_TOXICITY_CHECK,31.410700
2026-07-31T12:08:35.162062Z,R-b6ad7faa,LLM_INITIAL_CALL,0.789700
2026-07-31T12:08:35.216648Z,R-b6ad7faa,EGRESS_PII_GUARDRAIL,61.192500
2026-07-31T12:08:35.321241Z,R-b6ad7faa,EGRESS_TOXICITY_CHECK,96.575300
2026-07-31T12:08:53.950053Z,R-b6ad7faa,LLM_WATCHDOG,18612.577100
2026-07-31T12:10:28.874399Z,R-f1c9174c,INGRESS_TOXICITY_CHECK,39.084400
2026-07-31T12:10:28.877083Z,R-f1c9174c,LLM_INITIAL_CALL,0.646400
2026-07-31T12:10:28.906506Z,R-f1c9174c,EGRESS_PII_GUARDRAIL,28.087800
2026-07-31T12:10:29.003363Z,R-f1c9174c,EGRESS_TOXICITY_CHECK,96.612500
2026-07-31T12:10:49.228077Z,R-f1c9174c,LLM_WATCHDOG,20207.952600
2026-07-31T12:14:13.711678Z,R-e080d065,INGRESS_TOXICITY_CHECK,36.134800
2026-07-31T12:14:13.714295Z,R-e080d065,LLM_INITIAL_CALL,0.799000
2026-07-31T12:14:13.740542Z,R-e080d065,EGRESS_PII_GUARDRAIL,25.298300
2026-07-31T12:14:13.864394Z,R-e080d065,EGRESS_TOXICITY_CHECK,122.167000
2026-07-31T12:14:40.312011Z,R-e080d065,LLM_WATCHDOG,26433.148300
2026-07-31T12:21:02.209780Z,R-9e097f2c,INGRESS_TOXICITY_CHECK,35.088500
2026-07-31T12:21:02.211519Z,R-9e097f2c,LLM_INITIAL_CALL,0.588300
2026-07-31T12:21:02.242320Z,R-9e097f2c,EGRESS_PII_GUARDRAIL,28.904800
2026-07-31T12:21:02.344171Z,R-9e097f2c,EGRESS_TOXICITY_CHECK,100.953300
2026-07-31T12:21:29.279028Z,R-9e097f2c,LLM_WATCHDOG,26919.228200
2026-07-31T12:22:50.967902Z,R-97aeb24c,INGRESS_TOXICITY_CHECK,36.057400
2026-07-31T12:22:50.971360Z,R-97aeb24c,LLM_INITIAL_CALL,0.886900
2026-07-31T12:22:50.995288Z,R-97aeb24c,EGRESS_PII_GUARDRAIL,22.634600
2026-07-31T12:22:51.091381Z,R-97aeb24c,EGRESS_TOXICITY_CHECK,94.215400
2026-07-31T12:22:57.977426Z,R-9c24fe17,INGRESS_TOXICITY_CHECK,46.144300
2026-07-31T12:22:57.980736Z,R-9c24fe17,LLM_INITIAL_CALL,0.880600
2026-07-31T12:22:58.001282Z,R-9c24fe17,EGRESS_PII_GUARDRAIL,19.715400
2026-07-31T12:22:58.090151Z,R-9c24fe17,EGRESS_TOXICITY_CHECK,86.104100
2026-07-31T12:23:03.753769Z,R-6ab1c10c,INGRESS_TOXICITY_CHECK,64.499900
2026-07-31T12:23:03.757263Z,R-6ab1c10c,LLM_INITIAL_CALL,0.930500
2026-07-31T12:23:03.794916Z,R-6ab1c10c,EGRESS_PII_GUARDRAIL,36.711800
2026-07-31T12:23:04.001859Z,R-6ab1c10c,EGRESS_TOXICITY_CHECK,204.158000
2026-07-31T12:23:06.061221Z,R-97aeb24c,LLM_WATCHDOG,14955.031700
2026-07-31T12:23:17.168976Z,R-9c24fe17,LLM_WATCHDOG,19052.130500
2026-07-31T12:23:22.488322Z,R-4ce34ac4,INGRESS_TOXICITY_CHECK,44.467100
2026-07-31T12:23:22.491656Z,R-4ce34ac4,LLM_INITIAL_CALL,0.930600
2026-07-31T12:23:22.554589Z,R-4ce34ac4,EGRESS_PII_GUARDRAIL,62.361300
2026-07-31T12:23:22.911184Z,R-4ce34ac4,EGRESS_TOXICITY_CHECK,354.672100
2026-07-31T12:23:41.877540Z,R-6ab1c10c,LLM_WATCHDOG,37834.375500
2026-07-31T12:24:20.692345Z,R-4ce34ac4,LLM_WATCHDOG,57754.898600
2026-07-31T12:29:19.853153Z,R-170a5f39,INGRESS_TOXICITY_CHECK,35.025800
2026-07-31T12:29:19.862370Z,R-170a5f39,LLM_INITIAL_CALL,0.596700
2026-07-31T12:29:19.920441Z,R-170a5f39,EGRESS_PII_GUARDRAIL,57.149900
2026-07-31T12:29:20.008988Z,R-170a5f39,EGRESS_TOXICITY_CHECK,94.094800
2026-07-31T12:29:46.238480Z,R-170a5f39,LLM_WATCHDOG,26206.518600
2026-07-31T12:35:07.570480Z,R-f02d9fef,INGRESS_TOXICITY_CHECK,34.332800
2026-07-31T12:35:07.572795Z,R-f02d9fef,LLM_INITIAL_CALL,0.681700
2026-07-31T12:35:07.621726Z,R-f02d9fef,EGRESS_PII_GUARDRAIL,53.082200
2026-07-31T12:35:07.731585Z,R-f02d9fef,EGRESS_TOXICITY_CHECK,112.252900
2026-07-31T12:35:28.620409Z,R-f02d9fef,LLM_WATCHDOG,20862.434000
2026-07-31T12:37:40.151726Z,R-f0a6f4e3,INGRESS_TOXICITY_CHECK,66.938000
2026-07-31T12:37:40.154376Z,R-f0a6f4e3,LLM_INITIAL_CALL,0.783700
2026-07-31T12:37:40.237805Z,R-f0a6f4e3,EGRESS_PII_GUARDRAIL,80.824300
2026-07-31T12:37:40.387916Z,R-f0a6f4e3,EGRESS_TOXICITY_CHECK,150.643700
2026-07-31T12:38:00.463892Z,R-f0a6f4e3,LLM_WATCHDOG,20058.870400
2026-07-31T12:40:28.796261Z,R-5e488af7,INGRESS_TOXICITY_CHECK,36.294800
2026-07-31T12:40:28.799203Z,R-5e488af7,LLM_INITIAL_CALL,0.931700
2026-07-31T12:40:28.855431Z,R-5e488af7,EGRESS_PII_GUARDRAIL,54.484300
2026-07-31T12:40:29.004377Z,R-5e488af7,EGRESS_TOXICITY_CHECK,147.049000
2026-07-31T12:41:10.330933Z,R-5e488af7,LLM_WATCHDOG,41307.584800
2026-07-31T12:52:41.590502Z,R-bab4f9af,INGRESS_TOXICITY_CHECK,37.188500
2026-07-31T12:52:41.592500Z,R-bab4f9af,LLM_INITIAL_CALL,0.578500
2026-07-31T12:52:41.647778Z,R-bab4f9af,EGRESS_PII_GUARDRAIL,54.403600
2026-07-31T12:52:41.790906Z,R-bab4f9af,EGRESS_TOXICITY_CHECK,144.646300
2026-07-31T12:52:58.715846Z,R-bab4f9af,LLM_WATCHDOG,16902.657600
2026-08-02T12:20:24.731953Z,R-970ad8ef,INGRESS_TOXICITY_CHECK,101.522200
2026-08-02T12:20:24.732950Z,R-970ad8ef,LLM_INITIAL_CALL,0.004300
2026-08-02T12:20:30.430292Z,R-970ad8ef,LLM_TOOL_FEEDBACK_CALL,5694.009200
2026-08-02T12:20:30.465874Z,R-970ad8ef,EGRESS_PII_GUARDRAIL,35.205600
2026-08-02T12:20:30.507444Z,R-970ad8ef,EGRESS_TOXICITY_CHECK,40.184300
2026-08-02T12:20:39.638836Z,R-970ad8ef,LLM_WATCHDOG,9098.667400
2026-08-02T12:20:45.838078Z,R-207ac6f9,INGRESS_TOXICITY_CHECK,28.016700
2026-08-02T12:20:45.841112Z,R-207ac6f9,LLM_INITIAL_CALL,0.873000
2026-08-02T12:20:45.875631Z,R-207ac6f9,EGRESS_PII_GUARDRAIL,33.282600
2026-08-02T12:20:46.000170Z,R-207ac6f9,EGRESS_TOXICITY_CHECK,127.093100
2026-08-02T12:21:06.605635Z,R-207ac6f9,LLM_WATCHDOG,20586.261500
2026-08-02T13:27:32.811478Z,R-3c8b9319,INGRESS_TOXICITY_CHECK,31.824900
2026-08-02T13:27:32.814131Z,R-3c8b9319,LLM_INITIAL_CALL,0.782700
2026-08-02T13:27:32.867705Z,R-3c8b9319,EGRESS_PII_GUARDRAIL,53.525700
2026-08-02T13:27:32.992916Z,R-3c8b9319,EGRESS_TOXICITY_CHECK,136.609400
2026-08-02T13:27:57.780754Z,R-3c8b9319,LLM_WATCHDOG,24755.966400
2026-08-02T13:33:53.617710Z,R-b0a5bb25,INGRESS_TOXICITY_CHECK,43.681600
2026-08-02T13:34:11.245495Z,R-b0a5bb25,LLM_INITIAL_CALL,17625.484000
2026-08-02T13:34:11.325156Z,R-b0a5bb25,EGRESS_PII_GUARDRAIL,78.889600
2026-08-02T13:34:11.662399Z,R-b0a5bb25,EGRESS_TOXICITY_CHECK,336.702700
2026-08-02T13:34:23.563534Z,R-b0a5bb25,LLM_WATCHDOG,11880.726100
2026-08-02T13:34:34.636741Z,R-6bfeb77b,INGRESS_TOXICITY_CHECK,29.194500
2026-08-02T13:34:40.711323Z,R-6bfeb77b,LLM_INITIAL_CALL,6072.162700
2026-08-02T13:34:40.738678Z,R-6bfeb77b,EGRESS_PII_GUARDRAIL,26.380500
2026-08-02T13:34:40.871784Z,R-6bfeb77b,EGRESS_TOXICITY_CHECK,130.794000
2026-08-02T13:34:47.090094Z,R-6bfeb77b,LLM_WATCHDOG,6191.879500
2026-08-02T13:34:49.367759Z,R-88c2cec9,INGRESS_TOXICITY_CHECK,32.975300
2026-08-02T13:34:57.393097Z,R-88c2cec9,LLM_INITIAL_CALL,8023.598500
2026-08-02T13:34:57.427373Z,R-88c2cec9,EGRESS_PII_GUARDRAIL,33.502300
2026-08-02T13:34:57.599775Z,R-88c2cec9,EGRESS_TOXICITY_CHECK,170.097200
2026-08-02T13:35:05.110996Z,R-88c2cec9,LLM_WATCHDOG,7495.099000
2026-08-02T13:35:47.350377Z,R-dbff567e,INGRESS_TOXICITY_CHECK,0.454300
2026-08-02T13:35:57.931188Z,R-dbff567e,LLM_INITIAL_CALL,10578.202100
2026-08-02T13:35:57.933830Z,R-dbff567e,EGRESS_PII_GUARDRAIL,0.550500
2026-08-02T13:35:57.935395Z,R-dbff567e,EGRESS_TOXICITY_CHECK,0.304400
2026-08-02T13:37:23.765094Z,R-f2f5d4d1,INGRESS_TOXICITY_CHECK,41.952200
2026-08-02T13:37:31.842695Z,R-f2f5d4d1,LLM_INITIAL_CALL,8075.525600
2026-08-02T13:37:31.844745Z,R-f2f5d4d1,EGRESS_PII_GUARDRAIL,0.381600
2026-08-02T13:37:31.999504Z,R-f2f5d4d1,EGRESS_TOXICITY_CHECK,154.757100
2026-08-02T13:37:55.844376Z,R-0a267106,INGRESS_TOXICITY_CHECK,33.579600
2026-08-02T13:37:59.211886Z,R-0a267106,LLM_INITIAL_CALL,3365.418900
2026-08-02T13:37:59.214972Z,R-0a267106,EGRESS_PII_GUARDRAIL,0.510800
2026-08-02T13:37:59.278099Z,R-0a267106,EGRESS_TOXICITY_CHECK,61.086100
2026-08-02T13:38:03.964393Z,R-0a267106,LLM_WATCHDOG,4661.423700
2026-08-02T13:39:12.804168Z,R-031cab12,INGRESS_TOXICITY_CHECK,37.546300
2026-08-02T13:39:12.807101Z,R-031cab12,LLM_INITIAL_CALL,0.594100
2026-08-02T13:39:12.808693Z,R-031cab12,EGRESS_PII_GUARDRAIL,0.410600
2026-08-02T13:39:12.921614Z,R-031cab12,EGRESS_TOXICITY_CHECK,110.504200
2026-08-02T13:39:32.942164Z,R-031cab12,LLM_WATCHDOG,20004.333100
2026-08-02T15:27:10.804014Z,R-496e3ac3,INGRESS_TOXICITY_CHECK,39.356600
2026-08-02T15:27:10.806505Z,R-496e3ac3,LLM_INITIAL_CALL,0.580300
2026-08-02T15:27:10.826756Z,R-496e3ac3,EGRESS_PII_GUARDRAIL,19.284600
2026-08-02T15:27:10.916905Z,R-496e3ac3,EGRESS_TOXICITY_CHECK,88.108000
2026-08-02T15:27:30.726549Z,R-aa991e05,INGRESS_TOXICITY_CHECK,50.777500
2026-08-02T15:27:37.196933Z,R-496e3ac3,LLM_WATCHDOG,26264.662000
2026-08-02T15:27:44.624645Z,R-aa991e05,LLM_INITIAL_CALL,13894.145500
2026-08-02T15:27:44.674680Z,R-aa991e05,EGRESS_PII_GUARDRAIL,48.984700
2026-08-02T15:27:44.905639Z,R-aa991e05,EGRESS_TOXICITY_CHECK,229.170100
2026-08-02T15:28:03.321025Z,R-aa991e05,LLM_WATCHDOG,18397.551600
2026-08-02T15:36:09.226173Z,R-3711f3b9,INGRESS_TOXICITY_CHECK,38.413200
2026-08-02T15:36:27.785982Z,R-3711f3b9,LLM_INITIAL_CALL,18557.797600
2026-08-02T15:36:27.878133Z,R-3711f3b9,EGRESS_PII_GUARDRAIL,90.950700
2026-08-02T15:36:28.213342Z,R-3711f3b9,EGRESS_TOXICITY_CHECK,333.284000
2026-08-02T15:36:42.485702Z,R-3711f3b9,LLM_WATCHDOG,14254.410600
2026-08-02T15:36:44.253897Z,R-7ea148bb,INGRESS_TOXICITY_CHECK,0.424100
2026-08-02T15:36:58.466519Z,R-7ea148bb,LLM_INITIAL_CALL,14210.558300
2026-08-02T15:36:58.469167Z,R-7ea148bb,EGRESS_PII_GUARDRAIL,0.400200
2026-08-02T15:36:58.471233Z,R-7ea148bb,EGRESS_TOXICITY_CHECK,0.302400
2026-08-02T15:37:15.628752Z,R-9864013a,INGRESS_TOXICITY_CHECK,32.447900
2026-08-02T15:37:25.703765Z,R-9864013a,LLM_INITIAL_CALL,10073.218700
2026-08-02T15:37:25.706454Z,R-9864013a,EGRESS_PII_GUARDRAIL,0.407200
2026-08-02T15:37:25.906529Z,R-9864013a,EGRESS_TOXICITY_CHECK,198.963900
2026-08-02T15:39:08.256522Z,R-5e510574,INGRESS_TOXICITY_CHECK,0.433100
2026-08-02T15:39:14.973021Z,R-5e510574,LLM_INITIAL_CALL,6714.110000
2026-08-02T15:39:14.975069Z,R-5e510574,EGRESS_PII_GUARDRAIL,0.478400
2026-08-02T15:39:14.976611Z,R-5e510574,EGRESS_TOXICITY_CHECK,0.291300
2026-08-02T15:39:39.365498Z,R-08352d42,INGRESS_TOXICITY_CHECK,36.917300
2026-08-02T15:39:50.860579Z,R-08352d42,LLM_INITIAL_CALL,11493.232600
2026-08-02T15:39:50.862693Z,R-08352d42,EGRESS_PII_GUARDRAIL,0.407200
2026-08-02T15:39:51.076773Z,R-08352d42,EGRESS_TOXICITY_CHECK,220.097500
2026-08-02T15:40:05.089399Z,R-f1cf4e62,INGRESS_TOXICITY_CHECK,30.547000
2026-08-02T15:40:20.501013Z,R-f1cf4e62,LLM_INITIAL_CALL,15408.521000
2026-08-02T15:40:20.502639Z,R-f1cf4e62,EGRESS_PII_GUARDRAIL,0.376200
2026-08-02T15:40:20.828897Z,R-f1cf4e62,EGRESS_TOXICITY_CHECK,324.929000
2026-08-02T15:40:28.402289Z,R-035f42b8,INGRESS_TOXICITY_CHECK,28.463700
2026-08-02T15:40:37.810671Z,R-035f42b8,LLM_INITIAL_CALL,9405.672800
2026-08-02T15:40:37.813257Z,R-035f42b8,EGRESS_PII_GUARDRAIL,0.509900
2026-08-02T15:40:38.004432Z,R-035f42b8,EGRESS_TOXICITY_CHECK,188.525800
2026-08-02T15:40:51.214321Z,R-0c99c6bd,INGRESS_TOXICITY_CHECK,32.413100
2026-08-02T15:41:03.796256Z,R-0c99c6bd,LLM_INITIAL_CALL,12584.457800
2026-08-02T15:41:03.796256Z,R-0c99c6bd,EGRESS_PII_GUARDRAIL,0.408800
2026-08-02T15:41:04.063866Z,R-0c99c6bd,EGRESS_TOXICITY_CHECK,264.798000
2026-08-02T15:41:41.779442Z,R-ad53fc27,INGRESS_TOXICITY_CHECK,34.123600
2026-08-02T15:41:47.809896Z,R-ad53fc27,LLM_INITIAL_CALL,6016.751500
2026-08-02T15:41:47.811965Z,R-ad53fc27,EGRESS_PII_GUARDRAIL,0.421900
2026-08-02T15:41:47.920799Z,R-ad53fc27,EGRESS_TOXICITY_CHECK,115.633700
2026-08-02T15:43:53.243926Z,R-bb02bd7d,INGRESS_TOXICITY_CHECK,37.327900
2026-08-02T15:43:53.245453Z,R-bb02bd7d,LLM_INITIAL_CALL,0.002400
2026-08-02T15:43:57.979782Z,R-bb02bd7d,LLM_TOOL_FEEDBACK_CALL,4732.005000
2026-08-02T15:43:57.990732Z,R-bb02bd7d,EGRESS_PII_GUARDRAIL,9.552300
2026-08-02T15:43:58.027252Z,R-bb02bd7d,EGRESS_TOXICITY_CHECK,35.686700
2026-08-02T15:44:11.306023Z,R-bb02bd7d,LLM_WATCHDOG,13252.104800
2026-08-02T15:44:52.314275Z,R-33e6855d,INGRESS_TOXICITY_CHECK,34.989900
2026-08-02T15:44:52.327429Z,R-33e6855d,LLM_INITIAL_CALL,0.003100
2026-08-02T15:44:57.033063Z,R-33e6855d,LLM_TOOL_FEEDBACK_CALL,4703.454900
2026-08-02T15:44:57.063463Z,R-33e6855d,EGRESS_PII_GUARDRAIL,28.300500
2026-08-02T15:44:57.100531Z,R-33e6855d,EGRESS_TOXICITY_CHECK,35.322800
2026-08-02T15:45:05.234725Z,R-33e6855d,LLM_WATCHDOG,8104.359300
2026-08-02T15:47:13.416295Z,R-462fa8a4,INGRESS_TOXICITY_CHECK,36.065800
2026-08-02T15:47:13.418988Z,R-462fa8a4,LLM_INITIAL_CALL,0.002500
2026-08-02T15:47:18.159727Z,R-462fa8a4,LLM_TOOL_FEEDBACK_CALL,4738.815100
2026-08-02T15:47:18.169057Z,R-462fa8a4,EGRESS_PII_GUARDRAIL,7.310000
2026-08-02T15:47:18.203725Z,R-462fa8a4,EGRESS_TOXICITY_CHECK,33.529300
2026-08-02T15:47:28.435333Z,R-462fa8a4,LLM_WATCHDOG,10211.548000
2026-08-02T15:49:13.554830Z,R-89621028,INGRESS_TOXICITY_CHECK,37.517300
2026-08-02T15:49:39.057262Z,R-89621028,LLM_INITIAL_CALL,25489.265800
2026-08-02T15:49:39.175676Z,R-89621028,EGRESS_PII_GUARDRAIL,131.456000
2026-08-02T15:49:39.458839Z,R-89621028,EGRESS_TOXICITY_CHECK,267.404400
2026-08-02T15:49:47.173258Z,R-cf4b6d70,INGRESS_TOXICITY_CHECK,46.651700
2026-08-02T15:50:04.191637Z,R-89621028,LLM_WATCHDOG,24713.208600
2026-08-02T15:51:20.012660Z,R-cf4b6d70,LLM_INITIAL_CALL,92833.613900
2026-08-02T15:51:20.352465Z,R-cf4b6d70,EGRESS_PII_GUARDRAIL,344.428500
2026-08-02T15:51:20.662301Z,R-cf4b6d70,EGRESS_TOXICITY_CHECK,301.691400
2026-08-02T15:51:28.043426Z,R-6b5a0818,INGRESS_TOXICITY_CHECK,87.697000
2026-08-02T15:51:40.645203Z,R-6b5a0818,LLM_INITIAL_CALL,12597.663700
2026-08-02T15:51:40.717452Z,R-6b5a0818,EGRESS_PII_GUARDRAIL,68.853600
2026-08-02T15:51:41.165549Z,R-6b5a0818,EGRESS_TOXICITY_CHECK,443.695200
2026-08-02T15:51:56.333458Z,R-ab3698be,INGRESS_TOXICITY_CHECK,0.671000
2026-08-02T15:52:09.757452Z,R-ab3698be,LLM_INITIAL_CALL,13419.336200
2026-08-02T15:52:09.859109Z,R-ab3698be,EGRESS_PII_GUARDRAIL,99.021000
2026-08-02T15:52:09.863126Z,R-ab3698be,EGRESS_TOXICITY_CHECK,0.538800
2026-08-02T15:52:24.907926Z,R-cf4b6d70,LLM_WATCHDOG,64222.734100
2026-08-02T15:52:31.292569Z,R-6b5a0818,LLM_WATCHDOG,50079.686300
2026-08-02T15:52:38.349332Z,R-ab3698be,LLM_WATCHDOG,28443.913200
2026-08-02T15:52:39.978445Z,R-737e17be,INGRESS_TOXICITY_CHECK,0.556000
2026-08-02T15:52:50.399782Z,R-737e17be,LLM_INITIAL_CALL,10417.541800
2026-08-02T15:52:50.401759Z,R-737e17be,EGRESS_PII_GUARDRAIL,0.415200
2026-08-02T15:52:50.403798Z,R-737e17be,EGRESS_TOXICITY_CHECK,0.303400
2026-08-02T15:53:00.855609Z,R-202478f3,INGRESS_TOXICITY_CHECK,41.826200
2026-08-02T15:53:12.084656Z,R-202478f3,LLM_INITIAL_CALL,11226.329400
2026-08-02T15:53:12.087241Z,R-202478f3,EGRESS_PII_GUARDRAIL,0.436700
2026-08-02T15:53:12.305231Z,R-202478f3,EGRESS_TOXICITY_CHECK,228.534300
2026-08-02T15:53:23.044396Z,R-a1b3ea97,INGRESS_TOXICITY_CHECK,28.411400
2026-08-02T15:53:27.518588Z,R-a1b3ea97,LLM_INITIAL_CALL,4472.311600
2026-08-02T15:53:27.520660Z,R-a1b3ea97,EGRESS_PII_GUARDRAIL,0.426400
2026-08-02T15:53:27.598321Z,R-a1b3ea97,EGRESS_TOXICITY_CHECK,75.607900
2026-08-02T15:53:41.257602Z,R-c2607367,INGRESS_TOXICITY_CHECK,28.311600
2026-08-02T15:55:00.109521Z,R-a79a4984,INGRESS_TOXICITY_CHECK,58.833700
2026-08-02T15:58:55.991567Z,R-4bb52790,INGRESS_TOXICITY_CHECK,42.302300
2026-08-02T15:59:10.614215Z,R-4bb52790,LLM_INITIAL_CALL,14620.260400
2026-08-02T15:59:10.616285Z,R-4bb52790,EGRESS_PII_GUARDRAIL,0.444300
2026-08-02T15:59:10.792785Z,R-4bb52790,EGRESS_TOXICITY_CHECK,174.458200
2026-08-02T15:59:25.561801Z,R-4bb52790,LLM_WATCHDOG,14741.740300
2026-08-02T15:59:29.128966Z,R-cc3695bc,INGRESS_TOXICITY_CHECK,33.761200
2026-08-02T15:59:46.147770Z,R-cc3695bc,LLM_INITIAL_CALL,17016.724900
2026-08-02T15:59:46.150187Z,R-cc3695bc,EGRESS_PII_GUARDRAIL,0.459900
2026-08-02T15:59:46.545910Z,R-cc3695bc,EGRESS_TOXICITY_CHECK,392.347700
2026-08-02T15:59:59.926211Z,R-32b539e6,INGRESS_TOXICITY_CHECK,45.835300
2026-08-02T16:00:00.624961Z,R-cc3695bc,LLM_WATCHDOG,14057.282400
2026-08-02T16:00:37.299055Z,R-32b539e6,LLM_INITIAL_CALL,37369.034000
2026-08-02T16:00:37.301660Z,R-32b539e6,EGRESS_PII_GUARDRAIL,0.481000
2026-08-02T16:00:37.674832Z,R-32b539e6,EGRESS_TOXICITY_CHECK,371.625600
2026-08-02T16:01:03.399774Z,R-32b539e6,LLM_WATCHDOG,25697.980800
2026-08-02T16:01:03.536106Z,R-30025442,INGRESS_TOXICITY_CHECK,38.006000
2026-08-02T16:01:03.540369Z,R-30025442,LLM_INITIAL_CALL,1.157300
2026-08-02T16:01:03.612199Z,R-30025442,EGRESS_PII_GUARDRAIL,68.417500
2026-08-02T16:01:03.708496Z,R-30025442,EGRESS_TOXICITY_CHECK,94.464800
2026-08-02T16:01:20.002974Z,R-2eaac706,INGRESS_TOXICITY_CHECK,72.714900
2026-08-02T16:01:20.010434Z,R-2eaac706,LLM_INITIAL_CALL,0.004800
2026-08-02T16:01:27.401902Z,R-30025442,LLM_WATCHDOG,23671.290200
2026-08-02T16:01:32.202625Z,R-2eaac706,LLM_TOOL_FEEDBACK_CALL,12187.707000
2026-08-02T16:01:32.213519Z,R-2eaac706,EGRESS_PII_GUARDRAIL,8.596600
2026-08-02T16:01:32.259376Z,R-2eaac706,EGRESS_TOXICITY_CHECK,44.031100
2026-08-02T16:01:40.742333Z,R-2eaac706,LLM_WATCHDOG,8438.815800
2026-08-02T16:02:54.821974Z,R-646fb4d7,INGRESS_TOXICITY_CHECK,34.257400
2026-08-02T16:02:54.823885Z,R-646fb4d7,LLM_INITIAL_CALL,0.004700
2026-08-02T16:02:59.828406Z,R-646fb4d7,LLM_TOOL_FEEDBACK_CALL,5001.416000
2026-08-02T16:02:59.836978Z,R-646fb4d7,EGRESS_PII_GUARDRAIL,6.968200
2026-08-02T16:02:59.877501Z,R-646fb4d7,EGRESS_TOXICITY_CHECK,40.333400
2026-08-02T16:03:11.520694Z,R-646fb4d7,LLM_WATCHDOG,11607.051700
2026-08-02T16:15:30.454475Z,R-1c7e3fd5,INGRESS_TOXICITY_CHECK,37.019600
2026-08-02T16:15:30.456442Z,R-1c7e3fd5,LLM_INITIAL_CALL,0.003300
2026-08-02T16:15:35.393780Z,R-1c7e3fd5,LLM_TOOL_FEEDBACK_CALL,4934.833100
2026-08-02T16:15:35.411970Z,R-1c7e3fd5,EGRESS_PII_GUARDRAIL,16.597000
2026-08-02T16:15:35.449665Z,R-1c7e3fd5,EGRESS_TOXICITY_CHECK,34.386200
2026-08-02T16:15:45.143206Z,R-1c7e3fd5,LLM_WATCHDOG,9663.980000
2026-08-02T16:17:04.351603Z,R-7b1dd2d9,INGRESS_TOXICITY_CHECK,36.876800
2026-08-02T16:17:04.354704Z,R-7b1dd2d9,LLM_INITIAL_CALL,0.003800
2026-08-02T16:17:09.312726Z,R-7b1dd2d9,LLM_TOOL_FEEDBACK_CALL,4953.334900
2026-08-02T16:17:09.322605Z,R-7b1dd2d9,EGRESS_PII_GUARDRAIL,8.136500
2026-08-02T16:17:09.362428Z,R-7b1dd2d9,EGRESS_TOXICITY_CHECK,37.698100
2026-08-02T16:17:18.056172Z,R-7b1dd2d9,LLM_WATCHDOG,8656.936300
2026-08-02T16:38:39.902133Z,R-328468d8,INGRESS_TOXICITY_CHECK,35.734800
2026-08-02T16:38:39.905310Z,R-328468d8,LLM_INITIAL_CALL,0.003500
2026-08-02T16:38:44.914066Z,R-328468d8,LLM_TOOL_FEEDBACK_CALL,5005.088800
2026-08-02T16:38:44.930398Z,R-328468d8,EGRESS_PII_GUARDRAIL,13.827900
2026-08-02T16:38:44.969974Z,R-328468d8,EGRESS_TOXICITY_CHECK,38.308000
2026-08-02T16:38:56.157798Z,R-328468d8,LLM_WATCHDOG,11146.459100
2026-08-02T16:39:00.581816Z,R-f95e6cc6,INGRESS_TOXICITY_CHECK,34.828300
2026-08-02T16:39:00.586725Z,R-f95e6cc6,LLM_INITIAL_CALL,0.865800
2026-08-02T16:39:01.041382Z,R-f95e6cc6,EGRESS_PII_GUARDRAIL,452.407100
2026-08-02T16:39:01.194283Z,R-f95e6cc6,EGRESS_TOXICITY_CHECK,151.142200
2026-08-02T16:39:10.380445Z,R-0d0c5ac6,INGRESS_TOXICITY_CHECK,67.414300
2026-08-02T16:39:10.384131Z,R-0d0c5ac6,LLM_INITIAL_CALL,0.003800
2026-08-02T16:39:25.789279Z,R-f95e6cc6,LLM_WATCHDOG,24562.974900
2026-08-02T16:39:28.534528Z,R-0d0c5ac6,LLM_TOOL_FEEDBACK_CALL,18144.301800
2026-08-02T16:39:28.545991Z,R-0d0c5ac6,EGRESS_PII_GUARDRAIL,7.908600
2026-08-02T16:39:28.595729Z,R-0d0c5ac6,EGRESS_TOXICITY_CHECK,48.734300
2026-08-02T16:39:38.300662Z,R-0d0c5ac6,LLM_WATCHDOG,9667.895300
2026-08-02T16:40:49.545855Z,R-63e77e3e,INGRESS_TOXICITY_CHECK,32.729800
2026-08-02T16:40:49.549230Z,R-63e77e3e,LLM_INITIAL_CALL,0.003800
2026-08-02T16:40:54.502088Z,R-63e77e3e,LLM_TOOL_FEEDBACK_CALL,4950.682500
2026-08-02T16:40:54.512884Z,R-63e77e3e,EGRESS_PII_GUARDRAIL,8.666900
2026-08-02T16:40:54.551272Z,R-63e77e3e,EGRESS_TOXICITY_CHECK,36.517900
2026-08-02T16:41:03.291113Z,R-63e77e3e,LLM_WATCHDOG,8709.805600
2026-08-03T17:38:18.969252Z,R-c4c6b33a,INGRESS_TOXICITY_CHECK,0.502900
2026-08-03T17:38:30.730352Z,R-c4c6b33a,LLM_INITIAL_CALL,11758.600500
2026-08-03T17:38:30.732936Z,R-c4c6b33a,EGRESS_PII_GUARDRAIL,0.387500
2026-08-03T17:38:30.734999Z,R-c4c6b33a,EGRESS_TOXICITY_CHECK,0.290900
2026-08-03T17:39:21.695880Z,R-41565278,INGRESS_TOXICITY_CHECK,40.235600
2026-08-03T17:39:25.425572Z,R-41565278,LLM_INITIAL_CALL,3727.258300
2026-08-03T17:39:25.428163Z,R-41565278,EGRESS_PII_GUARDRAIL,0.394700
2026-08-03T17:39:25.487380Z,R-41565278,EGRESS_TOXICITY_CHECK,58.962500
2026-08-03T17:40:55.629872Z,R-daf85f35,INGRESS_TOXICITY_CHECK,38.254600
2026-08-03T17:41:09.164729Z,R-daf85f35,LLM_INITIAL_CALL,13532.444500
2026-08-03T17:41:09.168466Z,R-daf85f35,EGRESS_PII_GUARDRAIL,0.528200
2026-08-03T17:41:09.456348Z,R-daf85f35,EGRESS_TOXICITY_CHECK,286.415400
2026-08-03T17:41:25.225541Z,R-daf85f35,LLM_WATCHDOG,15741.810400
2026-08-03T17:44:39.249388Z,R-753d38d6,INGRESS_TOXICITY_CHECK,35.947500
2026-08-03T17:44:39.252847Z,R-753d38d6,LLM_INITIAL_CALL,0.624800
2026-08-03T17:44:39.254481Z,R-753d38d6,EGRESS_PII_GUARDRAIL,0.344100
2026-08-03T17:44:39.377776Z,R-753d38d6,EGRESS_TOXICITY_CHECK,120.562200
2026-08-03T17:45:11.934182Z,R-753d38d6,LLM_WATCHDOG,32539.234700
2026-08-03T17:47:01.779515Z,R-e00ae8eb,INGRESS_TOXICITY_CHECK,35.819500
2026-08-03T17:47:01.782483Z,R-e00ae8eb,LLM_INITIAL_CALL,0.607200
2026-08-03T17:47:01.838293Z,R-e00ae8eb,EGRESS_PII_GUARDRAIL,56.131200
2026-08-03T17:47:01.976723Z,R-e00ae8eb,EGRESS_TOXICITY_CHECK,135.394700
2026-08-03T17:47:24.599043Z,R-e00ae8eb,LLM_WATCHDOG,22601.676300
2026-08-03T17:47:56.258855Z,R-3fba477c,INGRESS_TOXICITY_CHECK,31.361600
2026-08-03T17:47:56.264482Z,R-3fba477c,LLM_INITIAL_CALL,0.890600
2026-08-03T17:47:56.293448Z,R-3fba477c,EGRESS_PII_GUARDRAIL,25.878800
2026-08-03T17:47:56.418932Z,R-3fba477c,EGRESS_TOXICITY_CHECK,124.144700
2026-08-03T17:48:11.099531Z,R-3fba477c,LLM_WATCHDOG,14661.676100
2026-08-03T17:48:33.611842Z,R-c26658f9,INGRESS_TOXICITY_CHECK,34.823500
2026-08-03T17:48:33.613756Z,R-c26658f9,LLM_INITIAL_CALL,0.004600
2026-08-03T17:48:38.373486Z,R-c26658f9,LLM_TOOL_FEEDBACK_CALL,4754.589800
2026-08-03T17:48:38.382735Z,R-c26658f9,EGRESS_PII_GUARDRAIL,7.024700
2026-08-03T17:48:38.429895Z,R-c26658f9,EGRESS_TOXICITY_CHECK,44.206700
2026-08-03T17:48:48.056420Z,R-c26658f9,LLM_WATCHDOG,9591.278800
2026-08-03T17:53:37.376756Z,R-20a23240,INGRESS_TOXICITY_CHECK,36.060100
2026-08-03T17:53:37.379518Z,R-20a23240,LLM_INITIAL_CALL,0.002200
2026-08-03T17:53:42.133483Z,R-20a23240,LLM_TOOL_FEEDBACK_CALL,4751.287400
2026-08-03T17:53:42.142490Z,R-20a23240,EGRESS_PII_GUARDRAIL,7.338000
2026-08-03T17:53:42.183976Z,R-20a23240,EGRESS_TOXICITY_CHECK,39.848200
2026-08-03T17:53:52.380458Z,R-20a23240,LLM_WATCHDOG,10165.505600
2026-08-03T17:54:31.811243Z,R-8500c567,INGRESS_TOXICITY_CHECK,35.617400
2026-08-03T17:54:31.813649Z,R-8500c567,LLM_INITIAL_CALL,0.002900
2026-08-03T17:54:36.536728Z,R-8500c567,LLM_TOOL_FEEDBACK_CALL,4720.814200
2026-08-03T17:54:36.546566Z,R-8500c567,EGRESS_PII_GUARDRAIL,7.602900
2026-08-03T17:54:36.583004Z,R-8500c567,EGRESS_TOXICITY_CHECK,36.838800
2026-08-03T17:54:44.333853Z,R-8500c567,LLM_WATCHDOG,7712.887900
2026-08-03T17:54:57.117682Z,R-71001f2e,INGRESS_TOXICITY_CHECK,29.607000
2026-08-03T17:55:07.003115Z,R-71001f2e,LLM_INITIAL_CALL,9884.092800
2026-08-03T17:55:07.045385Z,R-71001f2e,EGRESS_PII_GUARDRAIL,43.760900
2026-08-03T17:55:07.234512Z,R-71001f2e,EGRESS_TOXICITY_CHECK,186.025200
2026-08-03T17:55:15.228022Z,R-71001f2e,LLM_WATCHDOG,7974.980800
2026-08-03T17:58:02.951748Z,R-f4c3b6ff,INGRESS_TOXICITY_CHECK,0.501900
2026-08-03T17:58:07.633156Z,R-f4c3b6ff,LLM_INITIAL_CALL,4679.287100
2026-08-03T17:58:07.634707Z,R-f4c3b6ff,EGRESS_PII_GUARDRAIL,0.556100
2026-08-03T17:58:07.635751Z,R-f4c3b6ff,EGRESS_TOXICITY_CHECK,0.410300
2026-08-03T17:58:35.751283Z,R-17f25e59,INGRESS_TOXICITY_CHECK,305.418600
2026-08-03T17:58:45.116829Z,R-17f25e59,LLM_INITIAL_CALL,9364.882700
2026-08-03T17:58:45.118373Z,R-17f25e59,EGRESS_PII_GUARDRAIL,0.514000
2026-08-03T17:58:45.522477Z,R-17f25e59,EGRESS_TOXICITY_CHECK,412.046300
2026-08-03T17:58:52.721983Z,R-6994e434,INGRESS_TOXICITY_CHECK,304.332000
2026-08-03T17:58:58.586016Z,R-6994e434,LLM_INITIAL_CALL,5857.138100
2026-08-03T17:58:58.587576Z,R-6994e434,EGRESS_PII_GUARDRAIL,0.533400
2026-08-03T17:58:58.767971Z,R-6994e434,EGRESS_TOXICITY_CHECK,189.103600
2026-08-03T17:59:19.891529Z,R-d4717db6,INGRESS_TOXICITY_CHECK,127.800800
2026-08-03T17:59:23.437142Z,R-d4717db6,LLM_INITIAL_CALL,3543.540200
2026-08-03T17:59:23.438175Z,R-d4717db6,EGRESS_PII_GUARDRAIL,0.400100
2026-08-03T17:59:23.541885Z,R-d4717db6,EGRESS_TOXICITY_CHECK,102.362500
2026-08-03T17:59:28.480779Z,R-d4717db6,LLM_WATCHDOG,4902.770500
2026-08-03T17:59:58.866406Z,R-9e676b8b,INGRESS_TOXICITY_CHECK,499.538700
2026-08-03T17:59:58.870617Z,R-9e676b8b,LLM_INITIAL_CALL,1.149500
2026-08-03T17:59:58.872223Z,R-9e676b8b,EGRESS_PII_GUARDRAIL,0.660500
2026-08-03T17:59:59.039285Z,R-9e676b8b,EGRESS_TOXICITY_CHECK,165.655700
2026-08-03T18:00:32.470233Z,R-570a5803,INGRESS_TOXICITY_CHECK,96.540700
2026-08-03T18:00:32.472664Z,R-570a5803,LLM_INITIAL_CALL,1.280100
2026-08-03T18:00:32.650647Z,R-570a5803,EGRESS_PII_GUARDRAIL,177.049800
2026-08-03T18:00:32.772734Z,R-9e676b8b,LLM_WATCHDOG,33712.699800
2026-08-03T18:00:33.295777Z,R-570a5803,EGRESS_TOXICITY_CHECK,642.899900
2026-08-03T18:00:55.362688Z,R-570a5803,LLM_WATCHDOG,22040.243300
2026-08-03T18:01:24.354023Z,R-1aa350a0,INGRESS_TOXICITY_CHECK,74.647900
2026-08-03T18:01:24.378590Z,R-1aa350a0,LLM_INITIAL_CALL,33.956000
2026-08-03T18:01:24.485512Z,R-1aa350a0,EGRESS_PII_GUARDRAIL,95.987100
2026-08-03T18:01:24.585669Z,R-1aa350a0,EGRESS_TOXICITY_CHECK,100.119700
2026-08-03T18:01:50.948202Z,R-1aa350a0,LLM_WATCHDOG,26342.469200
2026-08-03T18:02:12.974757Z,R-010209d5,INGRESS_TOXICITY_CHECK,31.637000
2026-08-03T18:02:12.976322Z,R-010209d5,LLM_INITIAL_CALL,0.605100
2026-08-03T18:02:13.008730Z,R-010209d5,EGRESS_PII_GUARDRAIL,32.300700
2026-08-03T18:02:13.076661Z,R-010209d5,EGRESS_TOXICITY_CHECK,66.626000
2026-08-03T18:02:23.818291Z,R-010209d5,LLM_WATCHDOG,10724.944800
2026-08-03T18:02:31.937390Z,R-8004dec2,INGRESS_TOXICITY_CHECK,56.350600
2026-08-03T18:02:31.938558Z,R-8004dec2,LLM_INITIAL_CALL,0.003200
2026-08-03T18:02:36.658761Z,R-8004dec2,LLM_TOOL_FEEDBACK_CALL,4718.984700
2026-08-03T18:02:36.667148Z,R-8004dec2,EGRESS_PII_GUARDRAIL,6.977100
2026-08-03T18:02:36.729736Z,R-8004dec2,EGRESS_TOXICITY_CHECK,62.561100
2026-08-03T18:02:44.891888Z,R-8004dec2,LLM_WATCHDOG,8132.426700
2026-08-03T18:05:20.506815Z,R-2129a26d,INGRESS_TOXICITY_CHECK,108.886900
2026-08-03T18:05:20.517583Z,R-2129a26d,LLM_INITIAL_CALL,0.002200
2026-08-03T18:05:25.319770Z,R-2129a26d,LLM_TOOL_FEEDBACK_CALL,4800.944400
2026-08-03T18:05:25.353012Z,R-2129a26d,EGRESS_PII_GUARDRAIL,40.464900
2026-08-03T18:05:25.458212Z,R-2129a26d,EGRESS_TOXICITY_CHECK,97.863400
2026-08-03T18:05:35.045573Z,R-2129a26d,LLM_WATCHDOG,9562.596400
2026-08-03T18:08:44.620338Z,R-633cc37c,INGRESS_TOXICITY_CHECK,30.764700
2026-08-03T18:08:44.621582Z,R-633cc37c,LLM_INITIAL_CALL,0.002500
2026-08-03T18:08:49.345988Z,R-633cc37c,LLM_TOOL_FEEDBACK_CALL,4722.143700
2026-08-03T18:08:49.386738Z,R-633cc37c,EGRESS_PII_GUARDRAIL,39.942300
2026-08-03T18:08:49.462720Z,R-633cc37c,EGRESS_TOXICITY_CHECK,76.521000
2026-08-03T18:08:56.880056Z,R-633cc37c,LLM_WATCHDOG,7391.629000
2026-08-04T02:44:32.991486Z,R-5df1f9b4,INGRESS_TOXICITY_CHECK,54.917200
2026-08-04T02:44:32.992975Z,R-5df1f9b4,LLM_INITIAL_CALL,0.002600
2026-08-04T02:44:38.680426Z,R-5df1f9b4,LLM_TOOL_FEEDBACK_CALL,5685.773200
2026-08-04T02:44:38.691832Z,R-5df1f9b4,EGRESS_PII_GUARDRAIL,14.143800
2026-08-04T02:44:38.739263Z,R-5df1f9b4,EGRESS_TOXICITY_CHECK,42.532900
2026-08-04T02:44:47.577508Z,R-5df1f9b4,LLM_WATCHDOG,8807.877800
2026-08-04T02:45:44.491622Z,R-a4a8f710,INGRESS_TOXICITY_CHECK,50.199800
2026-08-04T02:45:44.493526Z,R-a4a8f710,LLM_INITIAL_CALL,0.633000
2026-08-04T02:45:44.543790Z,R-a4a8f710,EGRESS_PII_GUARDRAIL,51.823600
2026-08-04T02:45:44.674323Z,R-a4a8f710,EGRESS_TOXICITY_CHECK,138.191600
2026-08-04T02:46:07.598580Z,R-a4a8f710,LLM_WATCHDOG,22896.754800
2026-08-04T02:50:14.445217Z,R-77082d70,INGRESS_TOXICITY_CHECK,63.503500
2026-08-04T02:50:20.818375Z,R-77082d70,LLM_INITIAL_CALL,6372.366200
2026-08-04T02:50:20.846597Z,R-77082d70,EGRESS_PII_GUARDRAIL,30.850800
2026-08-04T02:50:20.972360Z,R-77082d70,EGRESS_TOXICITY_CHECK,121.815000
2026-08-04T02:50:27.600283Z,R-77082d70,LLM_WATCHDOG,6599.678800
2026-08-04T02:50:50.603030Z,R-abf49ee3,INGRESS_TOXICITY_CHECK,74.294600
2026-08-04T02:50:59.246719Z,R-abf49ee3,LLM_INITIAL_CALL,8642.019300
2026-08-04T02:50:59.306778Z,R-abf49ee3,EGRESS_PII_GUARDRAIL,59.863100
2026-08-04T02:50:59.476773Z,R-abf49ee3,EGRESS_TOXICITY_CHECK,171.326700
2026-08-04T02:51:05.284807Z,R-a20afe41,INGRESS_TOXICITY_CHECK,61.551700
2026-08-04T02:51:07.197457Z,R-abf49ee3,LLM_WATCHDOG,7701.575300
2026-08-04T02:51:19.770019Z,R-a20afe41,LLM_INITIAL_CALL,14483.834500
2026-08-04T02:51:19.842781Z,R-a20afe41,EGRESS_PII_GUARDRAIL,71.661500
2026-08-04T02:51:20.186116Z,R-a20afe41,EGRESS_TOXICITY_CHECK,349.106600
2026-08-04T02:51:32.439248Z,R-a20afe41,LLM_WATCHDOG,12227.097000
2026-08-04T02:52:40.744295Z,R-b6f9bfe6,INGRESS_TOXICITY_CHECK,55.378100
2026-08-04T02:52:40.745715Z,R-b6f9bfe6,LLM_INITIAL_CALL,0.002600
2026-08-04T02:52:45.479141Z,R-b6f9bfe6,LLM_TOOL_FEEDBACK_CALL,4732.111200
2026-08-04T02:52:45.487413Z,R-b6f9bfe6,EGRESS_PII_GUARDRAIL,7.356400
2026-08-04T02:52:45.559813Z,R-b6f9bfe6,EGRESS_TOXICITY_CHECK,71.544500
2026-08-04T02:52:53.293919Z,R-b6f9bfe6,LLM_WATCHDOG,7698.692700
2026-08-04T03:02:54.962657Z,R-0569c8c6,INGRESS_TOXICITY_CHECK,0.584400
2026-08-04T03:03:09.000765Z,R-0569c8c6,LLM_INITIAL_CALL,14044.985100
2026-08-04T03:03:09.000765Z,R-0569c8c6,EGRESS_PII_GUARDRAIL,0.385800
2026-08-04T03:03:09.000765Z,R-0569c8c6,EGRESS_TOXICITY_CHECK,0.286800
2026-08-04T03:40:30.391319Z,R-c604b8ce,INGRESS_TOXICITY_CHECK,0.493500
2026-08-04T03:40:42.627621Z,R-c604b8ce,LLM_INITIAL_CALL,12235.269500
2026-08-04T03:40:42.628652Z,R-c604b8ce,EGRESS_PII_GUARDRAIL,0.367900
2026-08-04T03:40:42.629712Z,R-c604b8ce,EGRESS_TOXICITY_CHECK,0.287800
2026-08-04T03:41:05.234583Z,R-19eadf5b,INGRESS_TOXICITY_CHECK,39.503500
2026-08-04T03:41:14.216798Z,R-19eadf5b,LLM_INITIAL_CALL,8980.622400
2026-08-04T03:41:14.217855Z,R-19eadf5b,EGRESS_PII_GUARDRAIL,0.368200
2026-08-04T03:41:14.404456Z,R-19eadf5b,EGRESS_TOXICITY_CHECK,185.661700
2026-08-04T03:42:05.266841Z,R-95db53b2,INGRESS_TOXICITY_CHECK,37.238300
2026-08-04T03:42:14.772954Z,R-95db53b2,LLM_INITIAL_CALL,9504.669900
2026-08-04T03:42:14.774093Z,R-95db53b2,EGRESS_PII_GUARDRAIL,0.395700
2026-08-04T03:42:14.971382Z,R-95db53b2,EGRESS_TOXICITY_CHECK,196.244800
2026-08-04T03:42:19.909731Z,R-89f755ba,INGRESS_TOXICITY_CHECK,41.537000
2026-08-04T03:42:24.736352Z,R-95db53b2,LLM_WATCHDOG,9746.731000
2026-08-04T03:42:30.709029Z,R-89f755ba,LLM_INITIAL_CALL,10798.350800
2026-08-04T03:42:30.710069Z,R-89f755ba,EGRESS_PII_GUARDRAIL,0.364800
2026-08-04T03:42:30.922199Z,R-89f755ba,EGRESS_TOXICITY_CHECK,211.392100
2026-08-04T03:42:39.495990Z,R-89f755ba,LLM_WATCHDOG,7856.861800
2026-08-04T03:43:31.533626Z,R-b375457f,INGRESS_TOXICITY_CHECK,36.163400
2026-08-04T03:43:31.534960Z,R-b375457f,LLM_INITIAL_CALL,0.638900
2026-08-04T03:43:31.536028Z,R-b375457f,EGRESS_PII_GUARDRAIL,0.362800
2026-08-04T03:43:31.673405Z,R-b375457f,EGRESS_TOXICITY_CHECK,139.547600
2026-08-04T03:43:52.560689Z,R-b375457f,LLM_WATCHDOG,20864.522600
2026-08-04T03:44:23.257518Z,R-c72b1321,INGRESS_TOXICITY_CHECK,34.642900
2026-08-04T03:44:23.264492Z,R-c72b1321,LLM_INITIAL_CALL,0.568300
2026-08-04T03:44:23.286901Z,R-c72b1321,EGRESS_PII_GUARDRAIL,33.081700
2026-08-04T03:44:23.434269Z,R-c72b1321,EGRESS_TOXICITY_CHECK,135.217200
2026-08-04T03:44:45.739956Z,R-c72b1321,LLM_WATCHDOG,22285.562200
2026-08-04T03:45:14.795124Z,R-c5a77a4f,INGRESS_TOXICITY_CHECK,31.646400
2026-08-04T03:45:14.800841Z,R-c5a77a4f,LLM_INITIAL_CALL,0.812100
2026-08-04T03:45:14.826681Z,R-c5a77a4f,EGRESS_PII_GUARDRAIL,25.915300
2026-08-04T03:45:14.957877Z,R-c5a77a4f,EGRESS_TOXICITY_CHECK,135.806300
2026-08-04T03:45:35.869977Z,R-c5a77a4f,LLM_WATCHDOG,20887.192600
2026-08-04T03:46:17.302253Z,R-445d4d2b,INGRESS_TOXICITY_CHECK,34.811900
2026-08-04T03:46:17.303272Z,R-445d4d2b,LLM_INITIAL_CALL,0.003700
2026-08-04T03:46:21.985834Z,R-445d4d2b,LLM_TOOL_FEEDBACK_CALL,4681.589500
2026-08-04T03:46:21.995132Z,R-445d4d2b,EGRESS_PII_GUARDRAIL,7.910900
2026-08-04T03:46:22.029930Z,R-445d4d2b,EGRESS_TOXICITY_CHECK,34.395900
2026-08-04T03:46:30.121630Z,R-445d4d2b,LLM_WATCHDOG,8061.958100
2026-08-04T03:46:50.281329Z,R-2b133bb0,INGRESS_TOXICITY_CHECK,24.470700
2026-08-04T03:46:50.281831Z,R-2b133bb0,LLM_INITIAL_CALL,0.003200
2026-08-04T03:46:54.945401Z,R-2b133bb0,LLM_TOOL_FEEDBACK_CALL,4662.260700
2026-08-04T03:46:54.953221Z,R-2b133bb0,EGRESS_PII_GUARDRAIL,6.837200
2026-08-04T03:46:54.988590Z,R-2b133bb0,EGRESS_TOXICITY_CHECK,34.585200
2026-08-04T03:47:03.387672Z,R-2b133bb0,LLM_WATCHDOG,8379.774000
2026-08-07T08:07:52.422480Z,R-db220a40,INGRESS_TOXICITY_CHECK,0.507400
2026-08-07T08:08:21.545757Z,R-db220a40,LLM_INITIAL_CALL,29077.271800
2026-08-07T08:08:21.547306Z,R-db220a40,EGRESS_PII_GUARDRAIL,0.565100
2026-08-07T08:08:21.548866Z,R-db220a40,EGRESS_TOXICITY_CHECK,0.580500
2026-08-07T08:09:04.739032Z,R-893935a1,INGRESS_TOXICITY_CHECK,88.381900
2026-08-07T08:09:20.631017Z,R-893935a1,LLM_INITIAL_CALL,15890.859900
2026-08-07T08:09:20.632556Z,R-893935a1,EGRESS_PII_GUARDRAIL,0.411200
2026-08-07T08:09:20.925982Z,R-893935a1,EGRESS_TOXICITY_CHECK,292.482900
2026-08-07T08:10:38.717683Z,R-893935a1,LLM_WATCHDOG,77772.345700
2026-08-07T09:05:09.774403Z,R-552a581b,INGRESS_TOXICITY_CHECK,0.440400
2026-08-07T09:05:09.777051Z,R-552a581b,LLM_INITIAL_CALL,1.391400
2026-08-07T09:05:09.777573Z,R-552a581b,EGRESS_PII_GUARDRAIL,0.357000
2026-08-07T09:05:09.778635Z,R-552a581b,EGRESS_TOXICITY_CHECK,0.336100
2026-08-07T09:07:56.210694Z,R-fc1d374f,INGRESS_TOXICITY_CHECK,0.545900
2026-08-07T09:07:56.214033Z,R-fc1d374f,LLM_INITIAL_CALL,0.811200
2026-08-07T09:07:56.321488Z,R-fc1d374f,EGRESS_PII_GUARDRAIL,106.058900
2026-08-07T09:07:56.322337Z,R-fc1d374f,EGRESS_TOXICITY_CHECK,0.290700
2026-08-07T09:18:30.884351Z,R-f70222f4,INGRESS_TOXICITY_CHECK,0.543200
2026-08-07T09:18:42.695629Z,R-f70222f4,LLM_INITIAL_CALL,11809.371500
2026-08-07T09:18:42.696712Z,R-f70222f4,EGRESS_PII_GUARDRAIL,0.455100
2026-08-07T09:18:42.698335Z,R-f70222f4,EGRESS_TOXICITY_CHECK,0.450000
2026-08-07T09:19:26.315778Z,R-53598771,INGRESS_TOXICITY_CHECK,82.740600
2026-08-07T09:19:31.764796Z,R-53598771,LLM_INITIAL_CALL,5448.287700
2026-08-07T09:19:31.765824Z,R-53598771,EGRESS_PII_GUARDRAIL,0.398200
2026-08-07T09:19:31.899000Z,R-53598771,EGRESS_TOXICITY_CHECK,132.567200
2026-08-07T09:19:39.165675Z,R-53598771,LLM_WATCHDOG,7246.886900
2026-08-07T09:20:47.646898Z,R-19dc3b00,INGRESS_TOXICITY_CHECK,36.247300
2026-08-07T09:20:47.647946Z,R-19dc3b00,LLM_INITIAL_CALL,0.585500
2026-08-07T09:20:47.649033Z,R-19dc3b00,EGRESS_PII_GUARDRAIL,0.342000
2026-08-07T09:20:47.772718Z,R-19dc3b00,EGRESS_TOXICITY_CHECK,123.223400
2026-08-07T09:21:12.541908Z,R-19dc3b00,LLM_WATCHDOG,24743.667200
2026-08-07T09:22:23.990333Z,R-b9960aca,INGRESS_TOXICITY_CHECK,37.758900
2026-08-07T09:22:23.991513Z,R-b9960aca,LLM_INITIAL_CALL,0.541200
2026-08-07T09:22:24.020912Z,R-b9960aca,EGRESS_PII_GUARDRAIL,28.591700
2026-08-07T09:22:24.117935Z,R-b9960aca,EGRESS_TOXICITY_CHECK,96.928300
2026-08-07T09:22:44.875593Z,R-b9960aca,LLM_WATCHDOG,20739.363000
2026-08-07T09:22:47.129328Z,R-6364713d,INGRESS_TOXICITY_CHECK,32.482000
2026-08-07T09:22:47.131760Z,R-6364713d,LLM_INITIAL_CALL,1.134700
2026-08-07T09:22:47.148489Z,R-6364713d,EGRESS_PII_GUARDRAIL,15.886700
2026-08-07T09:22:47.211480Z,R-6364713d,EGRESS_TOXICITY_CHECK,61.917400
2026-08-07T09:23:02.532832Z,R-6364713d,LLM_WATCHDOG,15302.371700
2026-08-07T09:23:39.820726Z,R-1ba0b575,INGRESS_TOXICITY_CHECK,31.975900
2026-08-07T09:23:39.821963Z,R-1ba0b575,LLM_INITIAL_CALL,0.004800
2026-08-07T09:23:45.204260Z,R-1ba0b575,LLM_TOOL_FEEDBACK_CALL,5380.574400
2026-08-07T09:23:45.217880Z,R-1ba0b575,EGRESS_PII_GUARDRAIL,13.281000
2026-08-07T09:23:45.263779Z,R-1ba0b575,EGRESS_TOXICITY_CHECK,44.381200
2026-08-07T09:23:59.111275Z,R-1ba0b575,LLM_WATCHDOG,13813.030100
2026-08-07T09:25:11.336955Z,R-711d14e6,INGRESS_TOXICITY_CHECK,35.437700
2026-08-07T09:25:11.338551Z,R-711d14e6,LLM_INITIAL_CALL,0.003100
2026-08-07T09:25:15.993992Z,R-711d14e6,LLM_TOOL_FEEDBACK_CALL,4654.150600
2026-08-07T09:25:16.003765Z,R-711d14e6,EGRESS_PII_GUARDRAIL,8.821100
2026-08-07T09:25:16.043277Z,R-711d14e6,EGRESS_TOXICITY_CHECK,38.328500
2026-08-07T09:25:25.284295Z,R-711d14e6,LLM_WATCHDOG,9221.947300
2026-08-28T06:14:49.971385Z,R-06b4eb59,INGRESS_TOXICITY_CHECK,38.849200
2026-08-28T06:14:49.973216Z,R-06b4eb59,LLM_INITIAL_CALL,0.003500
2026-08-28T06:15:55.774774Z,R-06b4eb59,LLM_TOOL_FEEDBACK_CALL,65798.834600
2026-08-28T06:15:55.801650Z,R-06b4eb59,EGRESS_PII_GUARDRAIL,14.032400
2026-08-28T06:15:55.869837Z,R-06b4eb59,EGRESS_TOXICITY_CHECK,65.544100
2026-08-28T06:16:07.925347Z,R-06b4eb59,LLM_WATCHDOG,11966.722900
2026-08-28T06:20:04.458872Z,N/A,LLM_WATCHDOG,9623.213700
2026-08-28T06:20:09.171742Z,N/A,LLM_WATCHDOG,14379.524200
2026-08-28T06:20:13.553195Z,N/A,LLM_WATCHDOG,18639.552700
2026-08-28T06:20:18.307749Z,N/A,LLM_WATCHDOG,23290.154300
2026-08-28T06:20:44.859014Z,N/A,LLM_WATCHDOG,49450.274100
2026-08-28T06:40:20.926369Z,N/A,LLM_WATCHDOG,8901.719900
2026-08-28T06:40:27.400463Z,N/A,LLM_WATCHDOG,15391.721700
2026-08-28T06:40:33.595085Z,N/A,LLM_WATCHDOG,21485.075200
2026-08-28T06:40:35.531033Z,N/A,LLM_WATCHDOG,23431.053900
2026-08-28T06:40:40.695066Z,N/A,LLM_WATCHDOG,28516.094500
2026-08-28T06:40:45.546675Z,N/A,LLM_WATCHDOG,33298.371200
2026-08-28T06:40:51.883110Z,N/A,LLM_WATCHDOG,39567.451800
2026-08-28T06:40:56.729601Z,N/A,LLM_WATCHDOG,44181.428100
2026-08-28T06:41:02.930474Z,N/A,LLM_WATCHDOG,50543.131900
2026-08-28T06:41:08.302182Z,N/A,LLM_WATCHDOG,55849.920200
2026-08-28T06:41:21.499935Z,N/A,LLM_WATCHDOG,68747.142400
2026-08-28T06:41:26.463393Z,N/A,LLM_WATCHDOG,73623.327100
2026-08-28T06:41:32.482651Z,N/A,LLM_WATCHDOG,79542.064100
2026-08-28T06:41:37.965017Z,N/A,LLM_WATCHDOG,84942.799300
2026-08-28T06:41:48.345032Z,N/A,LLM_WATCHDOG,95315.048900
2026-08-28T06:41:53.047385Z,N/A,LLM_WATCHDOG,100114.530400
2026-08-28T06:41:58.909490Z,N/A,LLM_WATCHDOG,105594.151800
2026-08-28T06:42:05.567009Z,N/A,LLM_WATCHDOG,112400.809900
2026-08-28T06:42:11.227726Z,N/A,LLM_WATCHDOG,118134.532000
2026-08-28T06:42:14.868186Z,N/A,LLM_WATCHDOG,122057.663800
2026-08-28T06:42:15.279059Z,N/A,LLM_WATCHDOG,122031.889200
2026-08-28T06:42:15.295164Z,N/A,LLM_WATCHDOG,122059.637100
2026-08-28T06:42:15.373690Z,N/A,LLM_WATCHDOG,122057.677500
2026-08-28T06:42:15.453798Z,N/A,LLM_WATCHDOG,122060.327200
2026-08-28T06:42:15.454399Z,N/A,LLM_WATCHDOG,122058.370700
2026-08-28T08:26:57.128588Z,R-515fe40b,INGRESS_TOXICITY_CHECK,173.634100
2026-08-28T08:26:57.137006Z,R-dc753b18,INGRESS_TOXICITY_CHECK,185.377200
2026-08-28T08:26:57.138013Z,R-4cfa1dfe,INGRESS_TOXICITY_CHECK,190.736300
2026-08-28T08:26:57.192600Z,R-87507fd5,INGRESS_TOXICITY_CHECK,240.517700
2026-08-28T08:26:57.254629Z,R-5d3505c9,INGRESS_TOXICITY_CHECK,57.051000
2026-08-28T08:26:57.417991Z,R-35d6d7a1,INGRESS_TOXICITY_CHECK,467.858100
2026-08-28T08:27:04.480152Z,N/A,LLM_WATCHDOG,9065.567700
2026-08-28T08:27:10.692445Z,N/A,LLM_WATCHDOG,15248.752400
2026-08-28T08:27:10.943401Z,R-5d3505c9,LLM_INITIAL_CALL,13685.700300
2026-08-28T08:27:10.962747Z,R-5d3505c9,EGRESS_PII_GUARDRAIL,18.789300
2026-08-28T08:27:11.636709Z,R-5d3505c9,EGRESS_TOXICITY_CHECK,672.779200
2026-08-28T08:27:12.175332Z,R-d2bc4243,INGRESS_TOXICITY_CHECK,517.858300
2026-08-28T08:27:12.372755Z,R-e8f9f975,INGRESS_TOXICITY_CHECK,189.954600
2026-08-28T08:27:13.429192Z,R-7fc9a81b,INGRESS_TOXICITY_CHECK,1049.360600
2026-08-28T08:27:28.421227Z,N/A,LLM_WATCHDOG,32940.786000
2026-08-28T08:27:31.559852Z,R-515fe40b,LLM_INITIAL_CALL,34426.982600
2026-08-28T08:27:31.681438Z,R-515fe40b,EGRESS_PII_GUARDRAIL,121.346200
2026-08-28T08:27:33.453116Z,R-515fe40b,EGRESS_TOXICITY_CHECK,1768.989400
2026-08-28T08:27:33.701394Z,R-45dbe359,INGRESS_TOXICITY_CHECK,227.698200
2026-08-28T08:27:36.464161Z,N/A,LLM_WATCHDOG,40864.000500
2026-08-28T08:27:45.832127Z,R-4cfa1dfe,LLM_INITIAL_CALL,48690.241400
2026-08-28T08:27:45.906750Z,R-4cfa1dfe,EGRESS_PII_GUARDRAIL,74.979800
2026-08-28T08:27:47.708958Z,N/A,LLM_WATCHDOG,52149.939500
2026-08-28T08:27:49.260003Z,R-4cfa1dfe,EGRESS_TOXICITY_CHECK,3351.711800
2026-08-28T08:27:50.110766Z,R-c911562d,INGRESS_TOXICITY_CHECK,828.680500
2026-08-28T08:27:50.558757Z,R-277f2266,INGRESS_TOXICITY_CHECK,418.248300
2026-08-28T08:27:53.808902Z,R-dc753b18,LLM_INITIAL_CALL,56668.564700
2026-08-28T08:27:53.855242Z,R-dc753b18,EGRESS_PII_GUARDRAIL,44.753500
2026-08-28T08:27:54.022255Z,R-dc753b18,EGRESS_TOXICITY_CHECK,165.489200
2026-08-28T08:27:54.361447Z,R-bbb4b7b6,INGRESS_TOXICITY_CHECK,322.928500
2026-08-28T08:27:54.940977Z,N/A,LLM_WATCHDOG,59292.792400
2026-08-28T08:27:59.434771Z,R-349485df,INGRESS_TOXICITY_CHECK,4973.048600
2026-08-28T08:28:09.329790Z,R-35d6d7a1,LLM_INITIAL_CALL,71909.964100
2026-08-28T08:28:09.433231Z,R-35d6d7a1,EGRESS_PII_GUARDRAIL,101.709800
2026-08-28T08:28:09.977019Z,R-35d6d7a1,EGRESS_TOXICITY_CHECK,542.565500
2026-08-28T08:28:10.320953Z,R-4485ae84,INGRESS_TOXICITY_CHECK,320.956600
2026-08-28T08:28:15.799051Z,N/A,LLM_WATCHDOG,79933.623600
2026-08-28T08:28:26.795316Z,N/A,LLM_WATCHDOG,90796.349200
2026-08-28T08:28:37.251028Z,N/A,LLM_WATCHDOG,101212.557500
2026-08-28T08:28:45.656801Z,N/A,LLM_WATCHDOG,109373.978100
2026-08-28T08:28:50.054006Z,R-7fc9a81b,LLM_INITIAL_CALL,96612.541000
2026-08-28T08:28:50.256845Z,R-7fc9a81b,EGRESS_PII_GUARDRAIL,201.196900
2026-08-28T08:28:52.311926Z,R-7fc9a81b,EGRESS_TOXICITY_CHECK,2053.711600
2026-08-28T08:28:53.893755Z,N/A,LLM_WATCHDOG,117504.234200
2026-08-28T08:28:54.996409Z,R-45dbe359,LLM_INITIAL_CALL,81283.870000
2026-08-28T08:28:55.034859Z,R-45dbe359,EGRESS_PII_GUARDRAIL,36.704400
2026-08-28T08:28:57.999698Z,R-45dbe359,EGRESS_TOXICITY_CHECK,2964.191000
2026-08-28T08:28:58.233500Z,N/A,LLM_WATCHDOG,122045.978300
2026-08-28T08:28:58.694460Z,N/A,LLM_WATCHDOG,122058.826100
2026-08-28T08:28:58.890692Z,N/A,LLM_WATCHDOG,122051.989100
2026-08-28T08:28:58.975709Z,N/A,LLM_WATCHDOG,122047.362600
2026-08-28T08:29:10.361094Z,R-277f2266,LLM_INITIAL_CALL,79785.293500
2026-08-28T08:29:10.459115Z,R-277f2266,EGRESS_PII_GUARDRAIL,96.865900
2026-08-28T08:29:13.718236Z,R-5d3505c9,LLM_WATCHDOG,122067.438000
2026-08-28T08:29:13.735494Z,R-277f2266,EGRESS_TOXICITY_CHECK,3273.998500
2026-08-28T08:29:14.387743Z,R-349485df,LLM_INITIAL_CALL,74950.952700
2026-08-28T08:29:14.419341Z,R-349485df,EGRESS_PII_GUARDRAIL,29.412400
2026-08-28T08:29:14.728968Z,R-349485df,EGRESS_TOXICITY_CHECK,309.988100
2026-08-28T08:29:15.488133Z,R-b65c514c,INGRESS_TOXICITY_CHECK,602.130500
2026-08-28T08:29:15.519623Z,R-cc413553,INGRESS_TOXICITY_CHECK,574.202400
2026-08-28T08:29:15.548083Z,R-b65c514c,LLM_INITIAL_CALL,1.189100
2026-08-28T08:29:15.658683Z,R-b65c514c,EGRESS_PII_GUARDRAIL,109.302900
2026-08-28T08:29:15.714469Z,R-49ea7d6e,INGRESS_TOXICITY_CHECK,746.538900
2026-08-28T08:29:16.696888Z,R-13f37d42,INGRESS_TOXICITY_CHECK,1917.985700
2026-08-28T08:29:16.747388Z,R-13f37d42,LLM_INITIAL_CALL,0.004900
2026-08-28T08:29:16.999053Z,R-18744780,INGRESS_TOXICITY_CHECK,2044.545900
2026-08-28T08:29:17.480807Z,R-b65c514c,EGRESS_TOXICITY_CHECK,1820.642300
2026-08-28T08:29:17.561114Z,R-281cfab9,INGRESS_TOXICITY_CHECK,62.404000
2026-08-28T08:29:17.563444Z,R-281cfab9,LLM_INITIAL_CALL,0.938700
2026-08-28T08:29:17.641504Z,R-281cfab9,EGRESS_PII_GUARDRAIL,76.968300
2026-08-28T08:29:18.773526Z,R-281cfab9,EGRESS_TOXICITY_CHECK,1130.517500
2026-08-28T08:29:19.698579Z,R-9f59a136,INGRESS_TOXICITY_CHECK,909.559100
2026-08-28T08:29:19.705460Z,R-9f59a136,LLM_INITIAL_CALL,0.005000
2026-08-28T08:29:24.646932Z,R-515fe40b,LLM_WATCHDOG,111175.983200
2026-08-28T08:29:31.633179Z,R-4cfa1dfe,LLM_WATCHDOG,102353.812300
2026-08-28T08:29:36.102706Z,R-dc753b18,LLM_WATCHDOG,102066.500800
2026-08-28T08:29:40.496461Z,R-35d6d7a1,LLM_WATCHDOG,90504.534300
2026-08-28T08:29:56.261954Z,R-7fc9a81b,LLM_WATCHDOG,63932.188100
2026-08-28T08:29:59.551971Z,R-45dbe359,LLM_WATCHDOG,61492.736800
2026-08-28T08:30:06.806066Z,R-277f2266,LLM_WATCHDOG,53053.003100
2026-08-28T08:30:10.335810Z,R-349485df,LLM_WATCHDOG,55594.169300
2026-08-28T08:30:17.559039Z,R-cc413553,LLM_INITIAL_CALL,62015.079900
2026-08-28T08:30:17.582623Z,R-cc413553,EGRESS_PII_GUARDRAIL,23.099300
2026-08-28T08:30:17.692610Z,R-cc413553,EGRESS_TOXICITY_CHECK,109.032200
2026-08-28T08:30:17.760980Z,R-41b6640b,INGRESS_TOXICITY_CHECK,51.711900
2026-08-28T08:30:17.762833Z,R-41b6640b,LLM_INITIAL_CALL,1.158100
2026-08-28T08:30:17.794083Z,R-41b6640b,EGRESS_PII_GUARDRAIL,29.420500
2026-08-28T08:30:17.990976Z,R-41b6640b,EGRESS_TOXICITY_CHECK,197.343500
2026-08-28T08:30:18.502124Z,R-dce412a6,INGRESS_TOXICITY_CHECK,492.068800
2026-08-28T08:30:18.763577Z,R-49ea7d6e,LLM_INITIAL_CALL,63009.462600
2026-08-28T08:30:22.830346Z,R-13f37d42,LLM_TOOL_FEEDBACK_CALL,66079.465100
2026-08-28T08:30:22.843070Z,R-13f37d42,EGRESS_PII_GUARDRAIL,11.927100
2026-08-28T08:30:22.894662Z,R-13f37d42,EGRESS_TOXICITY_CHECK,51.575700
2026-08-28T08:30:22.960443Z,R-a6798576,INGRESS_TOXICITY_CHECK,49.773900
2026-08-28T08:30:22.962889Z,R-a6798576,LLM_INITIAL_CALL,0.003400
2026-08-28T08:30:43.848986Z,R-18744780,LLM_INITIAL_CALL,86769.475700
2026-08-28T08:30:43.880341Z,R-18744780,EGRESS_PII_GUARDRAIL,30.526700
2026-08-28T08:30:44.003069Z,R-18744780,EGRESS_TOXICITY_CHECK,122.015400
2026-08-28T08:30:44.077352Z,R-85a1e8d8,INGRESS_TOXICITY_CHECK,56.568500
2026-08-28T08:31:14.936711Z,R-9d7eb82b,INGRESS_TOXICITY_CHECK,45.979600
2026-08-28T08:31:14.937902Z,R-9d7eb82b,LLM_INITIAL_CALL,0.003300
2026-08-28T08:31:18.842386Z,R-63454643,INGRESS_TOXICITY_CHECK,46.068700
2026-08-28T08:31:18.843541Z,R-63454643,LLM_INITIAL_CALL,0.004900
2026-08-28T08:31:19.544417Z,R-b65c514c,LLM_WATCHDOG,122049.851500
2026-08-28T08:31:20.816919Z,R-281cfab9,LLM_WATCHDOG,122030.751200
2026-08-28T08:31:22.968914Z,R-9f59a136,LLM_TOOL_FEEDBACK_CALL,123259.089900
2026-08-28T08:31:22.982007Z,R-9f59a136,EGRESS_PII_GUARDRAIL,11.962100
2026-08-28T08:31:23.025222Z,R-9f59a136,EGRESS_TOXICITY_CHECK,42.192400
2026-08-28T08:31:28.274619Z,R-cc413553,LLM_WATCHDOG,70567.996600
2026-08-28T08:31:41.346873Z,R-41b6640b,LLM_WATCHDOG,83340.453600
2026-08-28T08:31:50.248750Z,R-dce412a6,LLM_INITIAL_CALL,91743.035400
2026-08-28T08:31:50.262689Z,R-dce412a6,EGRESS_PII_GUARDRAIL,18.442700
2026-08-28T08:31:50.390478Z,R-dce412a6,EGRESS_TOXICITY_CHECK,122.660200
2026-08-28T08:31:50.476556Z,R-548eebbc,INGRESS_TOXICITY_CHECK,68.232600
2026-08-28T08:32:00.986704Z,R-49ea7d6e,LLM_TOOL_FEEDBACK_CALL,102219.448600
2026-08-28T08:32:01.004739Z,R-49ea7d6e,EGRESS_PII_GUARDRAIL,16.960000
2026-08-28T08:32:01.112970Z,R-49ea7d6e,EGRESS_TOXICITY_CHECK,109.246400
2026-08-28T08:32:09.150256Z,R-13f37d42,LLM_WATCHDOG,106241.309300
2026-08-28T08:32:11.525518Z,R-a6798576,LLM_TOOL_FEEDBACK_CALL,108559.485600
2026-08-28T08:32:11.533971Z,R-a6798576,EGRESS_PII_GUARDRAIL,7.112300
2026-08-28T08:32:11.573990Z,R-a6798576,EGRESS_TOXICITY_CHECK,39.979700
2026-08-28T08:32:11.669256Z,R-4d7e52ba,INGRESS_TOXICITY_CHECK,79.711700
2026-08-28T08:32:20.645775Z,R-18744780,LLM_WATCHDOG,96628.549000
2026-08-28T08:32:24.279369Z,R-85a1e8d8,LLM_INITIAL_CALL,100198.727500
2026-08-28T08:32:24.292480Z,R-85a1e8d8,EGRESS_PII_GUARDRAIL,12.457600
2026-08-28T08:32:24.338674Z,R-85a1e8d8,EGRESS_TOXICITY_CHECK,45.810800
2026-08-28T08:32:26.273153Z,R-9d7eb82b,LLM_TOOL_FEEDBACK_CALL,71331.945500
2026-08-28T08:32:26.286725Z,R-9d7eb82b,EGRESS_PII_GUARDRAIL,12.406200
2026-08-28T08:32:26.338082Z,R-9d7eb82b,EGRESS_TOXICITY_CHECK,50.903500
2026-08-28T08:32:29.334283Z,R-63454643,LLM_TOOL_FEEDBACK_CALL,70487.312000
2026-08-28T08:32:29.348794Z,R-63454643,EGRESS_PII_GUARDRAIL,13.730600
2026-08-28T08:32:29.396735Z,R-63454643,EGRESS_TOXICITY_CHECK,48.200300
2026-08-28T08:32:36.950289Z,R-9f59a136,LLM_WATCHDOG,73911.967500
2026-08-28T08:32:39.961001Z,R-dce412a6,LLM_WATCHDOG,49554.352800
2026-08-28T08:32:48.625099Z,R-548eebbc,LLM_INITIAL_CALL,58144.184900
2026-08-28T08:32:48.650942Z,R-548eebbc,EGRESS_PII_GUARDRAIL,24.933600
2026-08-28T08:32:48.765741Z,R-548eebbc,EGRESS_TOXICITY_CHECK,115.546100
2026-08-28T08:33:01.899610Z,R-49ea7d6e,LLM_WATCHDOG,60772.380500
2026-08-28T08:33:09.240856Z,R-a6798576,LLM_WATCHDOG,57654.373500
2026-08-28T08:33:10.061566Z,R-4d7e52ba,LLM_INITIAL_CALL,58389.549900
2026-08-28T08:33:11.822181Z,R-85a1e8d8,LLM_WATCHDOG,47467.481500
2026-08-28T08:33:17.381752Z,R-9d7eb82b,LLM_WATCHDOG,51028.549200
2026-08-28T08:33:26.896458Z,R-63454643,LLM_WATCHDOG,57485.875700
2026-08-28T08:33:35.598256Z,R-548eebbc,LLM_WATCHDOG,46819.458400
2026-08-28T08:33:43.585198Z,R-4d7e52ba,LLM_TOOL_FEEDBACK_CALL,33521.884500
2026-08-28T08:33:43.600314Z,R-4d7e52ba,EGRESS_PII_GUARDRAIL,13.840000
2026-08-28T08:33:43.720210Z,R-4d7e52ba,EGRESS_TOXICITY_CHECK,120.232400
2026-08-28T08:34:01.436195Z,R-4d7e52ba,LLM_WATCHDOG,17701.487900
2026-08-28T12:15:45.727715Z,R-1228afba,INGRESS_TOXICITY_CHECK,55.991100
2026-08-28T12:15:45.730662Z,R-1228afba,LLM_INITIAL_CALL,0.005000
2026-08-28T12:15:45.736143Z,R-781344cc,INGRESS_TOXICITY_CHECK,60.986300
2026-08-28T12:15:45.737699Z,R-781344cc,LLM_INITIAL_CALL,0.838000
2026-08-28T12:15:45.763132Z,R-781344cc,EGRESS_PII_GUARDRAIL,24.235200
2026-08-28T12:15:45.853738Z,R-781344cc,EGRESS_TOXICITY_CHECK,89.891000
2026-08-28T12:15:45.916295Z,R-e6413ca2,INGRESS_TOXICITY_CHECK,48.455300
2026-08-28T12:15:53.708304Z,R-1228afba,LLM_TOOL_FEEDBACK_CALL,7977.404900
2026-08-28T12:15:53.722069Z,R-1228afba,EGRESS_PII_GUARDRAIL,11.012000
2026-08-28T12:15:53.781568Z,R-1228afba,EGRESS_TOXICITY_CHECK,58.718800
2026-08-28T12:15:53.876803Z,R-51f135c2,INGRESS_TOXICITY_CHECK,77.142300
2026-08-28T12:16:04.363005Z,R-781344cc,LLM_WATCHDOG,18498.909700
2026-08-28T12:16:12.705563Z,R-e6413ca2,LLM_INITIAL_CALL,26787.170100
2026-08-28T12:16:12.742866Z,R-e6413ca2,EGRESS_PII_GUARDRAIL,36.577700
2026-08-28T12:16:12.907045Z,R-e6413ca2,EGRESS_TOXICITY_CHECK,162.542300
2026-08-28T12:16:13.010867Z,R-5d1b3ad3,INGRESS_TOXICITY_CHECK,90.054000
2026-08-28T12:16:18.198783Z,R-1228afba,LLM_WATCHDOG,24402.652500
2026-08-28T12:16:19.165367Z,R-51f135c2,LLM_INITIAL_CALL,25286.456500
2026-08-28T12:16:22.739515Z,R-e6413ca2,LLM_WATCHDOG,9820.873200
2026-08-28T12:16:32.463439Z,R-5d1b3ad3,LLM_INITIAL_CALL,19449.211500
2026-08-28T12:16:40.758472Z,R-51f135c2,LLM_TOOL_FEEDBACK_CALL,21591.089400
2026-08-28T12:16:40.776699Z,R-51f135c2,EGRESS_PII_GUARDRAIL,17.227500
2026-08-28T12:16:40.984649Z,R-51f135c2,EGRESS_TOXICITY_CHECK,207.237500
2026-08-28T12:16:54.694329Z,R-5d1b3ad3,LLM_TOOL_FEEDBACK_CALL,22228.778500
2026-08-28T12:16:54.711111Z,R-5d1b3ad3,EGRESS_PII_GUARDRAIL,15.585500
2026-08-28T12:16:54.957396Z,R-5d1b3ad3,EGRESS_TOXICITY_CHECK,246.064300
2026-08-28T12:17:10.859486Z,R-51f135c2,LLM_WATCHDOG,29861.061000
2026-08-28T12:17:24.719204Z,R-5d1b3ad3,LLM_WATCHDOG,29749.225500
2026-08-28T13:23:08.716884Z,R-866910f1,INGRESS_TOXICITY_CHECK,453.880300
2026-08-28T13:23:09.105684Z,R-5f400d51,INGRESS_TOXICITY_CHECK,838.506900
2026-08-28T13:23:09.123827Z,R-99fd4f6c,INGRESS_TOXICITY_CHECK,853.816100
2026-08-28T13:23:09.157033Z,R-08064106,INGRESS_TOXICITY_CHECK,886.012700
2026-08-28T13:23:09.159670Z,R-199cb981,INGRESS_TOXICITY_CHECK,897.282700
2026-08-28T13:23:18.121635Z,N/A,LLM_WATCHDOG,11067.093900
2026-08-28T13:23:25.145914Z,N/A,LLM_WATCHDOG,18091.706800
2026-08-28T13:23:29.781087Z,R-866910f1,LLM_INITIAL_CALL,21061.128700
2026-08-28T13:23:29.909033Z,R-866910f1,EGRESS_PII_GUARDRAIL,127.371100
2026-08-28T13:23:32.072412Z,R-866910f1,EGRESS_TOXICITY_CHECK,2160.143000
2026-08-28T13:23:33.007351Z,R-f0caad47,INGRESS_TOXICITY_CHECK,923.097400
2026-08-28T13:23:33.209481Z,N/A,LLM_WATCHDOG,26150.597600
2026-08-28T13:23:37.633398Z,R-99fd4f6c,LLM_INITIAL_CALL,28507.161500
2026-08-28T13:23:37.679110Z,R-99fd4f6c,EGRESS_PII_GUARDRAIL,44.340000
2026-08-28T13:23:38.289830Z,R-99fd4f6c,EGRESS_TOXICITY_CHECK,610.163200
2026-08-28T13:23:38.963690Z,R-80cc25ed,INGRESS_TOXICITY_CHECK,656.737900
2026-08-28T13:23:42.576152Z,N/A,LLM_WATCHDOG,35239.512400
2026-08-28T13:23:47.636299Z,R-5f400d51,LLM_INITIAL_CALL,38516.900000
2026-08-28T13:23:47.696089Z,R-5f400d51,EGRESS_PII_GUARDRAIL,58.826200
2026-08-28T13:23:50.200315Z,R-5f400d51,EGRESS_TOXICITY_CHECK,2503.609600
2026-08-28T13:23:50.279523Z,N/A,LLM_WATCHDOG,42921.100800
2026-08-28T13:23:53.538734Z,R-e5865f50,INGRESS_TOXICITY_CHECK,3319.923900
2026-08-28T13:24:09.165102Z,N/A,LLM_WATCHDOG,61462.091500
2026-08-28T13:24:11.697455Z,R-199cb981,LLM_INITIAL_CALL,62536.055800
2026-08-28T13:24:11.833510Z,R-199cb981,EGRESS_PII_GUARDRAIL,133.811200
2026-08-28T13:24:13.682494Z,R-199cb981,EGRESS_TOXICITY_CHECK,1847.228100
2026-08-28T13:24:15.176690Z,R-47f3520c,INGRESS_TOXICITY_CHECK,1478.281400
2026-08-28T13:24:16.458762Z,R-17eadb2a,INGRESS_TOXICITY_CHECK,1268.841700
2026-08-28T13:24:19.979707Z,N/A,LLM_WATCHDOG,72196.722300
2026-08-28T13:24:25.621337Z,R-08064106,LLM_INITIAL_CALL,76461.808700
2026-08-28T13:24:25.686620Z,R-08064106,EGRESS_PII_GUARDRAIL,64.708500
2026-08-28T13:24:27.491628Z,R-08064106,EGRESS_TOXICITY_CHECK,1802.796300
2026-08-28T13:24:30.738761Z,R-73722ae6,INGRESS_TOXICITY_CHECK,3221.116300
2026-08-28T13:24:30.796677Z,N/A,LLM_WATCHDOG,82968.061100
2026-08-28T13:24:39.802562Z,N/A,LLM_WATCHDOG,91876.540600
2026-08-28T13:24:46.194038Z,R-f0caad47,LLM_INITIAL_CALL,73151.937000
2026-08-28T13:24:46.348069Z,R-f0caad47,EGRESS_PII_GUARDRAIL,153.953100
2026-08-28T13:24:49.235571Z,R-f0caad47,EGRESS_TOXICITY_CHECK,2885.503600
2026-08-28T13:24:53.048009Z,R-c80e008c,INGRESS_TOXICITY_CHECK,3765.191500
2026-08-28T13:24:57.594001Z,R-80cc25ed,LLM_INITIAL_CALL,78624.669300
2026-08-28T13:24:57.656580Z,R-80cc25ed,EGRESS_PII_GUARDRAIL,61.788000
2026-08-28T13:24:58.920834Z,R-80cc25ed,EGRESS_TOXICITY_CHECK,1262.275600
2026-08-28T13:24:59.556455Z,R-7456dcbc,INGRESS_TOXICITY_CHECK,541.430500
2026-08-28T13:25:00.532595Z,R-dd22f2d0,INGRESS_TOXICITY_CHECK,967.082200
2026-08-28T13:25:03.241383Z,R-e5865f50,LLM_INITIAL_CALL,69503.813700
2026-08-28T13:25:03.276551Z,R-e5865f50,EGRESS_PII_GUARDRAIL,34.509900
2026-08-28T13:25:05.134030Z,R-e5865f50,EGRESS_TOXICITY_CHECK,1857.348400
2026-08-28T13:25:06.070855Z,R-c62cf172,INGRESS_TOXICITY_CHECK,920.801900
2026-08-28T13:25:09.994861Z,N/A,LLM_WATCHDOG,122055.262600
2026-08-28T13:25:10.056755Z,N/A,LLM_WATCHDOG,122067.805400
2026-08-28T13:25:10.131302Z,N/A,LLM_WATCHDOG,122044.555400
2026-08-28T13:25:10.133217Z,N/A,LLM_WATCHDOG,122057.197300
2026-08-28T13:25:10.163438Z,N/A,LLM_WATCHDOG,122040.208600
2026-08-28T13:25:10.283099Z,N/A,LLM_WATCHDOG,122073.614800
2026-08-28T13:25:18.140847Z,R-17eadb2a,LLM_INITIAL_CALL,61659.121300
2026-08-28T13:25:18.253292Z,R-17eadb2a,EGRESS_PII_GUARDRAIL,112.510600
2026-08-28T13:25:19.363575Z,R-17eadb2a,EGRESS_TOXICITY_CHECK,1107.355200
2026-08-28T13:25:26.814998Z,R-866910f1,LLM_WATCHDOG,114732.668100
2026-08-28T13:25:32.965323Z,R-99fd4f6c,LLM_WATCHDOG,114661.741500
2026-08-28T13:25:34.183117Z,R-73722ae6,LLM_INITIAL_CALL,63439.456200
2026-08-28T13:25:34.398884Z,R-73722ae6,EGRESS_PII_GUARDRAIL,214.689400
2026-08-28T13:25:36.060037Z,R-73722ae6,EGRESS_TOXICITY_CHECK,1658.876300
2026-08-28T13:25:39.862080Z,R-5f400d51,LLM_WATCHDOG,109646.248300
2026-08-28T13:25:45.023762Z,R-c80e008c,LLM_INITIAL_CALL,51972.986900
2026-08-28T13:25:45.086563Z,R-c80e008c,EGRESS_PII_GUARDRAIL,60.618900
2026-08-28T13:25:45.788752Z,R-c80e008c,EGRESS_TOXICITY_CHECK,700.978400
2026-08-28T13:25:52.691536Z,R-199cb981,LLM_WATCHDOG,98994.584300
2026-08-28T13:26:01.129656Z,R-08064106,LLM_WATCHDOG,93606.499400
2026-08-28T13:26:04.859889Z,R-dd22f2d0,LLM_INITIAL_CALL,64321.116400
2026-08-28T13:26:04.964305Z,R-dd22f2d0,EGRESS_PII_GUARDRAIL,103.801000
2026-08-28T13:26:05.615261Z,R-dd22f2d0,EGRESS_TOXICITY_CHECK,649.556500
2026-08-28T13:26:12.178482Z,R-f0caad47,LLM_WATCHDOG,82899.031000
2026-08-28T13:26:18.007173Z,R-80cc25ed,LLM_WATCHDOG,78994.878000
2026-08-28T13:26:21.150317Z,R-e5865f50,LLM_WATCHDOG,76003.467500
2026-08-28T13:26:34.285403Z,R-17eadb2a,LLM_WATCHDOG,74904.543300
2026-08-28T13:26:40.836531Z,R-73722ae6,LLM_WATCHDOG,64759.713200
2026-08-28T13:26:45.555939Z,R-c80e008c,LLM_WATCHDOG,59747.129800
2026-08-28T13:26:53.740022Z,R-dd22f2d0,LLM_WATCHDOG,48113.094300
2026-08-29T06:46:36.495657Z,N/A,LLM_WATCHDOG,9775.551700
2026-08-29T06:46:49.694615Z,N/A,LLM_WATCHDOG,22838.397900
2026-08-29T06:46:57.057917Z,N/A,LLM_WATCHDOG,30129.801700
2026-08-29T06:47:03.890915Z,N/A,LLM_WATCHDOG,36895.469300
2026-08-29T06:47:16.587769Z,N/A,LLM_WATCHDOG,49527.468400
2026-08-29T06:53:34.313988Z,N/A,LLM_WATCHDOG,23416.597500
2026-08-29T06:53:40.390822Z,N/A,LLM_WATCHDOG,29424.134200
2026-08-29T06:53:46.257373Z,N/A,LLM_WATCHDOG,35213.169300
2026-08-29T06:54:10.975335Z,N/A,LLM_WATCHDOG,59401.211900
2026-08-29T06:54:17.471040Z,N/A,LLM_WATCHDOG,65833.585000
2026-08-29T06:54:38.352657Z,N/A,LLM_WATCHDOG,40904.142100
2026-08-29T06:54:40.369765Z,N/A,LLM_WATCHDOG,42394.572100
2026-08-29T06:55:01.850702Z,N/A,LLM_WATCHDOG,63839.884600
2026-08-29T06:55:07.303016Z,N/A,LLM_WATCHDOG,68955.426800
2026-08-29T06:55:28.258004Z,N/A,LLM_WATCHDOG,89695.206700
2026-08-29T07:47:45.071280Z,N/A,LLM_WATCHDOG,9568.592600
2026-08-29T07:47:51.006328Z,N/A,LLM_WATCHDOG,15374.754900
2026-08-29T07:47:53.501624Z,R-8cc832e3,INGRESS_TOXICITY_CHECK,180.790500
2026-08-29T07:47:53.649168Z,R-73cdb626,INGRESS_TOXICITY_CHECK,139.972400
2026-08-29T07:48:02.006672Z,N/A,LLM_WATCHDOG,26249.844400
2026-08-29T07:48:10.169524Z,N/A,LLM_WATCHDOG,34312.159800
2026-08-29T07:48:14.797772Z,R-73cdb626,LLM_INITIAL_CALL,21146.363900
2026-08-29T07:48:14.914760Z,R-73cdb626,EGRESS_PII_GUARDRAIL,115.437100
2026-08-29T07:48:15.700951Z,R-73cdb626,EGRESS_TOXICITY_CHECK,785.605200
2026-08-29T07:48:16.774450Z,R-d7b1f6e3,INGRESS_TOXICITY_CHECK,1003.764300
2026-08-29T07:48:35.098996Z,R-d7b1f6e3,LLM_INITIAL_CALL,18322.437500
2026-08-29T07:48:35.205110Z,R-d7b1f6e3,EGRESS_PII_GUARDRAIL,104.348300
2026-08-29T07:48:35.669474Z,R-d7b1f6e3,EGRESS_TOXICITY_CHECK,463.122700
2026-08-29T07:48:35.814234Z,R-89a1e906,INGRESS_TOXICITY_CHECK,122.669400
2026-08-29T07:48:35.935685Z,R-e8fc011b,INGRESS_TOXICITY_CHECK,112.805500
2026-08-29T07:48:35.979753Z,R-e227e1f5,INGRESS_TOXICITY_CHECK,37.633500
2026-08-29T07:48:44.930267Z,R-e227e1f5,LLM_INITIAL_CALL,8948.528500
2026-08-29T07:48:44.965550Z,R-e227e1f5,EGRESS_PII_GUARDRAIL,34.057400
2026-08-29T07:48:45.234662Z,R-e227e1f5,EGRESS_TOXICITY_CHECK,267.783800
2026-08-29T07:48:45.306749Z,R-99524b97,INGRESS_TOXICITY_CHECK,57.839300
2026-08-29T07:48:54.361054Z,R-99524b97,LLM_INITIAL_CALL,9051.644700
2026-08-29T07:48:54.417360Z,R-99524b97,EGRESS_PII_GUARDRAIL,56.042000
2026-08-29T07:48:54.677071Z,R-99524b97,EGRESS_TOXICITY_CHECK,257.640400
2026-08-29T07:48:54.777380Z,R-8363a5a0,INGRESS_TOXICITY_CHECK,79.292900
2026-08-29T07:48:56.817332Z,N/A,LLM_WATCHDOG,80736.184400
2026-08-29T07:49:01.307187Z,R-8363a5a0,LLM_INITIAL_CALL,6529.654300
2026-08-29T07:49:01.407726Z,R-8363a5a0,EGRESS_PII_GUARDRAIL,99.370500
2026-08-29T07:49:01.617231Z,R-8363a5a0,EGRESS_TOXICITY_CHECK,203.056700
2026-08-29T07:49:01.696992Z,R-f0a8cdf9,INGRESS_TOXICITY_CHECK,62.634000
2026-08-29T07:49:19.678584Z,R-f0a8cdf9,LLM_INITIAL_CALL,17979.206100
2026-08-29T07:49:19.812005Z,R-f0a8cdf9,EGRESS_PII_GUARDRAIL,131.919100
2026-08-29T07:49:20.257742Z,R-f0a8cdf9,EGRESS_TOXICITY_CHECK,444.925900
2026-08-29T07:49:20.421293Z,R-ccb41d25,INGRESS_TOXICITY_CHECK,139.065000
2026-08-29T07:49:20.488114Z,R-97bbc53b,INGRESS_TOXICITY_CHECK,58.756600
2026-08-29T07:49:31.327398Z,R-97bbc53b,LLM_INITIAL_CALL,10837.891700
2026-08-29T07:49:31.410657Z,R-97bbc53b,EGRESS_PII_GUARDRAIL,83.118200
2026-08-29T07:49:31.850341Z,R-97bbc53b,EGRESS_TOXICITY_CHECK,438.473100
2026-08-29T07:49:31.938329Z,R-543ee21c,INGRESS_TOXICITY_CHECK,67.097800
2026-08-29T07:49:38.875015Z,R-543ee21c,LLM_INITIAL_CALL,6933.098300
2026-08-29T07:49:38.915776Z,R-543ee21c,EGRESS_PII_GUARDRAIL,41.107100
2026-08-29T07:49:39.115347Z,R-543ee21c,EGRESS_TOXICITY_CHECK,197.162000
2026-08-29T07:49:39.209224Z,R-71892034,INGRESS_TOXICITY_CHECK,68.061300
2026-08-29T07:49:44.172243Z,N/A,LLM_WATCHDOG,117963.632000
2026-08-29T07:49:48.428949Z,N/A,LLM_WATCHDOG,122036.446700
2026-08-29T07:49:48.609199Z,N/A,LLM_WATCHDOG,122037.998400
2026-08-29T07:49:48.722943Z,N/A,LLM_WATCHDOG,122063.145100
2026-08-29T07:49:48.886102Z,N/A,LLM_WATCHDOG,122071.109100
2026-08-29T07:49:48.964784Z,N/A,LLM_WATCHDOG,122061.352600
2026-08-29T07:49:49.123178Z,N/A,LLM_WATCHDOG,122056.893400
2026-08-29T07:49:49.330091Z,N/A,LLM_WATCHDOG,122053.308800
2026-08-29T07:49:49.406213Z,N/A,LLM_WATCHDOG,122045.616300
2026-08-29T07:49:49.500280Z,N/A,LLM_WATCHDOG,122048.737600
2026-08-29T07:49:49.579550Z,N/A,LLM_WATCHDOG,122039.874700
2026-08-29T07:49:49.689112Z,N/A,LLM_WATCHDOG,122063.560300
2026-08-29T07:49:49.783609Z,N/A,LLM_WATCHDOG,122040.271900
2026-08-29T07:49:49.911384Z,N/A,LLM_WATCHDOG,122034.143800
2026-08-29T07:49:50.083221Z,N/A,LLM_WATCHDOG,122037.630500
2026-08-29T07:49:50.161525Z,N/A,LLM_WATCHDOG,122036.556000
2026-08-29T07:49:50.289546Z,N/A,LLM_WATCHDOG,122037.346000
2026-08-29T07:49:51.200627Z,N/A,LLM_WATCHDOG,122079.452000
2026-08-29T07:49:51.453328Z,N/A,LLM_WATCHDOG,122033.141800
2026-08-29T07:49:51.690751Z,N/A,LLM_WATCHDOG,122034.819700
2026-08-29T07:49:52.020110Z,N/A,LLM_WATCHDOG,122038.047800
2026-08-29T07:49:53.200547Z,N/A,LLM_WATCHDOG,122051.902000
2026-08-29T07:49:53.261995Z,N/A,LLM_WATCHDOG,122051.381000
2026-08-29T07:49:53.379926Z,N/A,LLM_WATCHDOG,122051.878600
2026-08-29T07:49:53.797818Z,N/A,LLM_WATCHDOG,122052.970400
2026-08-29T07:49:54.035485Z,N/A,LLM_WATCHDOG,122057.272700
2026-08-29T07:49:54.886322Z,N/A,LLM_WATCHDOG,122040.449000
2026-08-29T07:49:55.121437Z,N/A,LLM_WATCHDOG,122062.784800
2026-08-29T07:49:55.216715Z,N/A,LLM_WATCHDOG,122058.415500
2026-08-29T07:49:55.330320Z,N/A,LLM_WATCHDOG,122058.732300
2026-08-29T07:49:59.585821Z,R-71892034,LLM_INITIAL_CALL,20374.034200
2026-08-29T07:49:59.746092Z,R-71892034,EGRESS_PII_GUARDRAIL,158.642200
2026-08-29T07:50:00.562323Z,R-71892034,EGRESS_TOXICITY_CHECK,816.011300
2026-08-29T07:50:00.683910Z,R-5d9d9f46,INGRESS_TOXICITY_CHECK,98.592000
2026-08-29T07:50:06.488024Z,R-5d9d9f46,LLM_INITIAL_CALL,5802.486500
2026-08-29T07:50:06.524817Z,R-5d9d9f46,EGRESS_PII_GUARDRAIL,36.485800
2026-08-29T07:50:06.756346Z,R-5d9d9f46,EGRESS_TOXICITY_CHECK,230.490300
2026-08-29T07:50:06.850211Z,R-71ae6d1b,INGRESS_TOXICITY_CHECK,55.165500
2026-08-29T07:50:12.556287Z,R-73cdb626,LLM_WATCHDOG,116791.274500
2026-08-29T07:50:13.353380Z,R-71ae6d1b,LLM_INITIAL_CALL,6500.368200
2026-08-29T07:50:13.395191Z,R-71ae6d1b,EGRESS_PII_GUARDRAIL,40.499900
2026-08-29T07:50:13.666059Z,R-71ae6d1b,EGRESS_TOXICITY_CHECK,269.469100
2026-08-29T07:50:13.811411Z,R-345e83e0,INGRESS_TOXICITY_CHECK,121.774700
2026-08-29T07:50:14.333049Z,R-d3eb55e4,INGRESS_TOXICITY_CHECK,513.727600
2026-08-29T07:50:24.237907Z,R-d7b1f6e3,LLM_WATCHDOG,108549.175500
2026-08-29T07:50:29.446658Z,R-e227e1f5,LLM_WATCHDOG,104200.137700
2026-08-29T07:50:30.823558Z,R-d3eb55e4,LLM_INITIAL_CALL,16488.633800
2026-08-29T07:50:30.914210Z,R-d3eb55e4,EGRESS_PII_GUARDRAIL,89.896900
2026-08-29T07:50:31.319805Z,R-d3eb55e4,EGRESS_TOXICITY_CHECK,403.938400
2026-08-29T07:50:31.390964Z,R-5e80f3ef,INGRESS_TOXICITY_CHECK,49.778000
2026-08-29T07:50:34.437118Z,R-99524b97,LLM_WATCHDOG,99742.867100
2026-08-29T07:50:39.091775Z,R-8363a5a0,LLM_WATCHDOG,97458.349500
2026-08-29T07:50:53.277899Z,R-f0a8cdf9,LLM_WATCHDOG,93001.483100
2026-08-29T07:51:10.180685Z,R-5e80f3ef,LLM_INITIAL_CALL,38787.335600
2026-08-29T07:51:10.396006Z,R-5e80f3ef,EGRESS_PII_GUARDRAIL,215.347000
2026-08-29T07:51:10.941452Z,R-5e80f3ef,EGRESS_TOXICITY_CHECK,542.603300
2026-08-29T07:51:11.015762Z,R-13ee1bf0,INGRESS_TOXICITY_CHECK,53.547300
2026-08-29T07:51:14.757611Z,R-13ee1bf0,LLM_INITIAL_CALL,3740.164200
2026-08-29T07:51:14.777981Z,R-13ee1bf0,EGRESS_PII_GUARDRAIL,18.663900
2026-08-29T07:51:14.956537Z,R-13ee1bf0,EGRESS_TOXICITY_CHECK,178.725200
2026-08-29T07:51:15.534540Z,R-9b35c866,INGRESS_TOXICITY_CHECK,554.828600
2026-08-29T07:51:23.789784Z,R-97bbc53b,LLM_WATCHDOG,111921.407700
2026-08-29T07:51:29.337859Z,R-543ee21c,LLM_WATCHDOG,110200.151300
2026-08-29T07:51:45.661847Z,R-9b35c866,LLM_INITIAL_CALL,30124.143300
2026-08-29T07:51:45.813587Z,R-9b35c866,EGRESS_PII_GUARDRAIL,152.155400
2026-08-29T07:51:46.536880Z,R-9b35c866,EGRESS_TOXICITY_CHECK,720.753100
2026-08-29T07:51:46.688889Z,R-a8ec8fc4,INGRESS_TOXICITY_CHECK,127.925800
2026-08-29T07:51:46.923581Z,R-54ee18cd,INGRESS_TOXICITY_CHECK,228.544500
2026-08-29T07:51:47.076796Z,R-2e2681f0,INGRESS_TOXICITY_CHECK,143.832700
2026-08-29T07:51:47.311376Z,R-50dd457e,INGRESS_TOXICITY_CHECK,226.470500
2026-08-29T07:51:47.397502Z,R-4bef4944,INGRESS_TOXICITY_CHECK,77.675300
2026-08-29T07:51:47.667531Z,R-71892034,LLM_WATCHDOG,107085.201400
2026-08-29T07:51:52.991598Z,R-5d9d9f46,LLM_WATCHDOG,106210.310600
2026-08-29T07:51:58.539478Z,R-71ae6d1b,LLM_WATCHDOG,104853.013800
2026-08-29T07:52:08.513264Z,R-4bef4944,LLM_INITIAL_CALL,21113.783000
2026-08-29T07:52:08.626913Z,R-4bef4944,EGRESS_PII_GUARDRAIL,113.118000
2026-08-29T07:52:09.036573Z,R-4bef4944,EGRESS_TOXICITY_CHECK,408.579500
2026-08-29T07:52:09.155751Z,R-4975a8c5,INGRESS_TOXICITY_CHECK,90.138000
2026-08-29T07:52:12.575838Z,R-d3eb55e4,LLM_WATCHDOG,101236.485800
2026-08-29T07:52:31.757187Z,R-4975a8c5,LLM_INITIAL_CALL,22599.532800
2026-08-29T07:52:31.955458Z,R-4975a8c5,EGRESS_PII_GUARDRAIL,197.460500
2026-08-29T07:52:32.607147Z,R-4975a8c5,EGRESS_TOXICITY_CHECK,650.056700
2026-08-29T07:52:32.814725Z,R-024b48ca,INGRESS_TOXICITY_CHECK,181.067900
2026-08-29T07:52:32.919970Z,R-fe0909eb,INGRESS_TOXICITY_CHECK,97.317100
2026-08-29T07:52:38.946130Z,R-5e80f3ef,LLM_WATCHDOG,87988.190100
2026-08-29T07:52:39.583563Z,R-fe0909eb,LLM_INITIAL_CALL,6662.206900
2026-08-29T07:52:39.623099Z,R-fe0909eb,EGRESS_PII_GUARDRAIL,38.415700
2026-08-29T07:52:39.845891Z,R-fe0909eb,EGRESS_TOXICITY_CHECK,221.742100
2026-08-29T07:52:40.027266Z,R-ccd0af04,INGRESS_TOXICITY_CHECK,160.009700
2026-08-29T07:52:40.583531Z,R-db266831,INGRESS_TOXICITY_CHECK,549.396900
2026-08-29T07:52:43.072764Z,R-13ee1bf0,LLM_WATCHDOG,88098.997200
2026-08-29T07:52:52.183803Z,R-db266831,LLM_INITIAL_CALL,11597.703200
2026-08-29T07:52:52.249317Z,R-db266831,EGRESS_PII_GUARDRAIL,64.730800
2026-08-29T07:52:52.596695Z,R-db266831,EGRESS_TOXICITY_CHECK,345.810100
2026-08-29T07:53:00.738006Z,R-9b35c866,LLM_WATCHDOG,74182.024000
2026-08-29T07:53:09.097167Z,R-4bef4944,LLM_WATCHDOG,60036.358000
2026-08-29T07:53:19.720578Z,R-4975a8c5,LLM_WATCHDOG,47093.702800
2026-08-29T07:53:22.996150Z,R-fe0909eb,LLM_WATCHDOG,43132.166700
2026-08-29T07:53:28.649893Z,R-db266831,LLM_WATCHDOG,36035.968900
2026-08-29T08:00:01.102779Z,N/A,LLM_WATCHDOG,17662.914800
2026-08-29T08:00:08.554318Z,R-0630ade4,INGRESS_TOXICITY_CHECK,96.332900
2026-08-29T08:00:22.614382Z,N/A,LLM_WATCHDOG,14209.686500
2026-08-29T08:14:33.119451Z,N/A,LLM_WATCHDOG,9971.123700
2026-08-29T08:14:40.969538Z,N/A,LLM_WATCHDOG,16817.752300
2026-08-29T08:14:43.049861Z,N/A,LLM_WATCHDOG,17925.989100
2026-08-29T08:14:48.294905Z,N/A,LLM_WATCHDOG,22127.674200
2026-08-29T08:15:15.655473Z,N/A,LLM_WATCHDOG,48376.910700
2026-08-29T08:15:23.860806Z,N/A,LLM_WATCHDOG,55624.762400
2026-08-29T08:15:29.720562Z,N/A,LLM_WATCHDOG,60579.805800
2026-08-29T08:15:46.720981Z,N/A,LLM_WATCHDOG,76469.341600
2026-08-29T08:15:53.229526Z,N/A,LLM_WATCHDOG,82086.293000
2026-08-29T08:16:17.449530Z,N/A,LLM_WATCHDOG,104974.806600
2026-08-29T08:16:24.638770Z,N/A,LLM_WATCHDOG,111449.405900
2026-08-29T08:16:33.944338Z,N/A,LLM_WATCHDOG,119786.403300
2026-08-29T08:16:37.211915Z,N/A,LLM_WATCHDOG,122072.458400
2026-08-29T08:16:38.195380Z,N/A,LLM_WATCHDOG,122056.306800
2026-08-29T08:16:39.198509Z,N/A,LLM_WATCHDOG,122046.168700
2026-08-29T08:16:40.246058Z,N/A,LLM_WATCHDOG,122090.863800
2026-08-29T08:16:42.057319Z,N/A,LLM_WATCHDOG,122045.428900
2026-08-29T08:16:42.181891Z,N/A,LLM_WATCHDOG,122037.294300
2026-08-29T08:16:43.210617Z,N/A,LLM_WATCHDOG,122060.028700
2026-08-29T08:16:44.291426Z,N/A,LLM_WATCHDOG,122092.229300
2026-08-29T08:16:45.196537Z,N/A,LLM_WATCHDOG,122048.506400
2026-08-29T08:16:46.195219Z,N/A,LLM_WATCHDOG,122043.377100
2026-08-29T08:16:46.362154Z,R-89a0024d,INGRESS_TOXICITY_CHECK,86.544400
2026-08-29T08:16:47.182759Z,N/A,LLM_WATCHDOG,122045.313600
2026-08-29T08:16:47.419933Z,R-c7a68eb3,INGRESS_TOXICITY_CHECK,154.742100
2026-08-29T08:16:48.185835Z,N/A,LLM_WATCHDOG,122050.530900
2026-08-29T08:16:48.345293Z,R-c04169b7,INGRESS_TOXICITY_CHECK,80.408400
2026-08-29T08:16:49.764384Z,N/A,LLM_WATCHDOG,122041.963700
2026-08-29T08:16:50.063334Z,R-5633a13f,INGRESS_TOXICITY_CHECK,791.324300
2026-08-29T08:16:50.196564Z,N/A,LLM_WATCHDOG,122045.322900
2026-08-29T08:16:51.469121Z,N/A,LLM_WATCHDOG,122042.244600
2026-08-29T08:16:53.226731Z,N/A,LLM_WATCHDOG,122271.443000
2026-08-29T08:16:53.228747Z,N/A,LLM_WATCHDOG,122091.899300
2026-08-29T08:16:54.367873Z,R-89a0024d,LLM_INITIAL_CALL,8004.220400
2026-08-29T08:16:54.780027Z,R-89a0024d,EGRESS_PII_GUARDRAIL,410.046600
2026-08-29T08:16:54.817505Z,N/A,LLM_WATCHDOG,122040.240900
2026-08-29T08:16:55.244228Z,N/A,LLM_WATCHDOG,122084.243100
2026-08-29T08:16:56.190041Z,N/A,LLM_WATCHDOG,122031.819700
2026-08-29T08:16:57.201309Z,N/A,LLM_WATCHDOG,122027.610600
2026-08-29T08:16:58.233098Z,N/A,LLM_WATCHDOG,122055.335000
2026-08-29T08:16:59.383045Z,N/A,LLM_WATCHDOG,122054.130900
2026-08-29T08:17:00.216963Z,N/A,LLM_WATCHDOG,122064.863000
2026-08-29T08:17:01.166535Z,N/A,LLM_WATCHDOG,122007.564800
2026-08-29T08:17:01.275694Z,R-5b440a71,INGRESS_TOXICITY_CHECK,10972.985900
2026-08-29T08:17:02.377620Z,N/A,LLM_WATCHDOG,122055.598500
2026-08-29T08:17:03.861141Z,R-89a0024d,EGRESS_TOXICITY_CHECK,9071.378300
2026-08-29T08:17:04.061104Z,N/A,LLM_WATCHDOG,122041.253900
2026-08-29T08:17:04.199850Z,N/A,LLM_WATCHDOG,122044.110900
2026-08-29T08:17:04.978992Z,R-3272810c,INGRESS_TOXICITY_CHECK,13626.639100
2026-08-29T08:17:05.197545Z,N/A,LLM_WATCHDOG,122046.129100
2026-08-29T08:17:06.647846Z,R-35cdf0b3,INGRESS_TOXICITY_CHECK,2465.564500
2026-08-29T08:17:07.183238Z,N/A,LLM_WATCHDOG,122036.887400
2026-08-29T08:17:07.260484Z,N/A,LLM_WATCHDOG,122066.593300
2026-08-29T08:17:08.260345Z,N/A,LLM_WATCHDOG,122041.794200
2026-08-29T08:17:18.918835Z,N/A,LLM_WATCHDOG,122056.403800
2026-08-29T08:17:23.027290Z,R-c04169b7,LLM_INITIAL_CALL,34679.828800
2026-08-29T08:17:23.199138Z,R-c04169b7,EGRESS_PII_GUARDRAIL,168.377100
2026-08-29T08:17:25.899605Z,N/A,LLM_WATCHDOG,122035.175800
2026-08-29T08:17:26.214100Z,R-c04169b7,EGRESS_TOXICITY_CHECK,3015.205700
2026-08-29T08:17:26.904257Z,R-dbd78413,INGRESS_TOXICITY_CHECK,643.903700
2026-08-29T08:17:30.623025Z,R-5b036a1f,INGRESS_TOXICITY_CHECK,3710.884700
2026-08-29T08:17:31.822682Z,N/A,LLM_WATCHDOG,122063.903600
2026-08-29T08:17:35.491084Z,R-52210414,INGRESS_TOXICITY_CHECK,4857.955300
2026-08-29T08:17:38.709678Z,R-5633a13f,LLM_INITIAL_CALL,48642.496600
2026-08-29T08:17:38.777513Z,R-5633a13f,EGRESS_PII_GUARDRAIL,65.781000
2026-08-29T08:17:40.922787Z,N/A,LLM_WATCHDOG,114199.138900
2026-08-29T08:17:42.092881Z,R-5633a13f,EGRESS_TOXICITY_CHECK,3314.649400
2026-08-29T08:17:44.102385Z,R-5e557494,INGRESS_TOXICITY_CHECK,1972.150300
2026-08-29T08:17:48.094086Z,R-b2c3bf77,INGRESS_TOXICITY_CHECK,3980.632400
2026-08-29T08:17:51.617383Z,N/A,LLM_WATCHDOG,118114.535800
2026-08-29T08:18:02.883334Z,R-5b440a71,LLM_INITIAL_CALL,61581.003500
2026-08-29T08:18:03.016895Z,R-5b440a71,EGRESS_PII_GUARDRAIL,132.842800
2026-08-29T08:18:06.768532Z,R-5b440a71,EGRESS_TOXICITY_CHECK,3749.080000
2026-08-29T08:18:07.216463Z,R-2e8ccc39,INGRESS_TOXICITY_CHECK,414.179200
2026-08-29T08:18:12.278859Z,N/A,LLM_WATCHDOG,114161.317100
2026-08-29T08:18:17.776896Z,R-3272810c,LLM_INITIAL_CALL,72790.267700
2026-08-29T08:18:17.839780Z,R-3272810c,EGRESS_PII_GUARDRAIL,61.215200
2026-08-29T08:18:18.315765Z,R-3272810c,EGRESS_TOXICITY_CHECK,476.183200
2026-08-29T08:18:19.297318Z,R-990a0c2e,INGRESS_TOXICITY_CHECK,950.229700
2026-08-29T08:18:19.596682Z,R-574459c3,INGRESS_TOXICITY_CHECK,293.235800
2026-08-29T08:18:20.535144Z,R-2c8e3a71,INGRESS_TOXICITY_CHECK,921.374700
2026-08-29T08:18:21.156867Z,R-7ae2f7a3,INGRESS_TOXICITY_CHECK,613.616500
2026-08-29T08:18:26.698845Z,N/A,LLM_WATCHDOG,122056.928000
2026-08-29T08:18:34.959408Z,N/A,LLM_WATCHDOG,120758.279400
2026-08-29T08:18:38.067060Z,N/A,LLM_WATCHDOG,120851.529400
2026-08-29T08:18:40.266837Z,N/A,LLM_WATCHDOG,122066.965200
2026-08-29T08:18:43.038482Z,N/A,LLM_WATCHDOG,122068.764000
2026-08-29T08:18:43.302768Z,N/A,LLM_WATCHDOG,122043.778400
2026-08-29T08:18:44.170720Z,N/A,LLM_WATCHDOG,122110.704900
2026-08-29T08:18:44.241139Z,N/A,LLM_WATCHDOG,122055.397500
2026-08-29T08:18:45.840971Z,N/A,LLM_WATCHDOG,122040.957200
2026-08-29T08:18:46.387060Z,N/A,LLM_WATCHDOG,122068.854600
2026-08-29T08:18:47.247195Z,N/A,LLM_WATCHDOG,122046.527800
2026-08-29T08:19:02.129780Z,R-89a0024d,LLM_WATCHDOG,118216.056400
2026-08-29T08:19:06.380628Z,R-b2a3a339,INGRESS_TOXICITY_CHECK,2167.917400
2026-08-29T08:19:28.350008Z,R-c04169b7,LLM_WATCHDOG,122068.788300
2026-08-29T08:19:31.741434Z,R-f1a99b24,INGRESS_TOXICITY_CHECK,1101.363000
2026-08-29T08:19:37.381611Z,R-5633a13f,LLM_WATCHDOG,115255.192000
2026-08-29T08:19:44.321403Z,R-967d4568,INGRESS_TOXICITY_CHECK,194.648300
2026-08-29T08:19:50.839048Z,R-5b440a71,LLM_WATCHDOG,104041.937200
2026-08-29T08:19:59.062362Z,R-3272810c,LLM_WATCHDOG,100718.723500
2026-08-29T08:20:06.853625Z,R-26e48548,INGRESS_TOXICITY_CHECK,42.457200
2026-08-29T08:20:20.595384Z,R-220537c0,INGRESS_TOXICITY_CHECK,43.789800
2026-08-29T08:21:52.276199Z,R-35cdf0b3,LLM_INITIAL_CALL,285620.315500
2026-08-29T08:21:53.052837Z,R-35cdf0b3,EGRESS_PII_GUARDRAIL,775.880600
2026-08-29T08:21:53.827517Z,R-35cdf0b3,EGRESS_TOXICITY_CHECK,773.755800
2026-08-29T08:21:58.286982Z,R-52210414,LLM_INITIAL_CALL,262749.922900
2026-08-29T08:21:58.458301Z,R-52210414,EGRESS_PII_GUARDRAIL,169.200000
2026-08-29T08:22:11.187543Z,R-52210414,EGRESS_TOXICITY_CHECK,12713.291000
2026-08-29T08:22:12.683592Z,R-b2c3bf77,LLM_INITIAL_CALL,264581.691400
2026-08-29T08:22:12.745519Z,R-b2c3bf77,EGRESS_PII_GUARDRAIL,60.667500
2026-08-29T08:22:17.782036Z,R-b2c3bf77,EGRESS_TOXICITY_CHECK,5036.590000
2026-08-29T08:22:33.579609Z,R-2e8ccc39,LLM_INITIAL_CALL,266355.451700
2026-08-29T08:22:33.705945Z,R-2e8ccc39,EGRESS_PII_GUARDRAIL,124.569900
2026-08-29T08:22:34.914987Z,R-2e8ccc39,EGRESS_TOXICITY_CHECK,1207.971500
2026-08-29T08:22:56.086907Z,R-7ae2f7a3,LLM_INITIAL_CALL,274872.681000
2026-08-29T08:22:56.233783Z,R-7ae2f7a3,EGRESS_PII_GUARDRAIL,146.575200
2026-08-29T08:22:58.688551Z,R-7ae2f7a3,EGRESS_TOXICITY_CHECK,2451.616600
2026-08-29T08:23:02.166263Z,R-b2a3a339,LLM_INITIAL_CALL,235745.531900
2026-08-29T08:23:02.483468Z,R-b2a3a339,EGRESS_PII_GUARDRAIL,317.393900
2026-08-29T08:23:05.912249Z,R-b2a3a339,EGRESS_TOXICITY_CHECK,3415.352700
2026-08-29T08:23:11.128420Z,R-35cdf0b3,LLM_WATCHDOG,77266.843100
2026-08-29T08:23:17.651683Z,R-52210414,LLM_WATCHDOG,66436.544000
2026-08-29T08:23:24.631686Z,R-f1a99b24,LLM_INITIAL_CALL,232878.722400
2026-08-29T08:23:24.761274Z,R-f1a99b24,EGRESS_PII_GUARDRAIL,128.333800
2026-08-29T08:23:25.590489Z,R-b2c3bf77,LLM_WATCHDOG,67772.303300
2026-08-29T08:23:29.550921Z,R-967d4568,LLM_INITIAL_CALL,225139.423000
2026-08-29T08:23:29.591973Z,R-967d4568,EGRESS_PII_GUARDRAIL,39.336700
2026-08-29T08:23:35.302956Z,R-f1a99b24,EGRESS_TOXICITY_CHECK,10541.267300
2026-08-29T08:23:39.868501Z,R-967d4568,EGRESS_TOXICITY_CHECK,10272.437100
2026-08-29T08:23:45.729575Z,R-2e8ccc39,LLM_WATCHDOG,70729.129200
2026-08-29T08:23:53.182516Z,R-26e48548,LLM_INITIAL_CALL,226323.683800
2026-08-29T08:23:53.308029Z,R-26e48548,EGRESS_PII_GUARDRAIL,125.388200
2026-08-29T08:23:55.332308Z,R-26e48548,EGRESS_TOXICITY_CHECK,2021.823100
2026-08-29T08:23:57.334698Z,R-220537c0,LLM_INITIAL_CALL,216734.164100
2026-08-29T08:23:57.366212Z,R-220537c0,EGRESS_PII_GUARDRAIL,30.951800
2026-08-29T08:23:57.658948Z,R-220537c0,EGRESS_TOXICITY_CHECK,290.684900
2026-08-29T08:24:00.274285Z,R-7ae2f7a3,LLM_WATCHDOG,61552.004900
2026-08-29T08:24:04.951461Z,R-b2a3a339,LLM_WATCHDOG,59002.266700
2026-08-29T08:24:14.140318Z,R-f1a99b24,LLM_WATCHDOG,38741.367600
2026-08-29T08:24:17.693726Z,R-967d4568,LLM_WATCHDOG,37740.668400
2026-08-29T08:24:29.620012Z,R-26e48548,LLM_WATCHDOG,34257.157800
2026-08-29T08:24:33.423789Z,R-220537c0,LLM_WATCHDOG,35739.782000
2026-08-29T08:26:38.946624Z,R-a583fdc8,INGRESS_TOXICITY_CHECK,315.459400
2026-08-29T08:26:38.982997Z,R-adf8e79c,INGRESS_TOXICITY_CHECK,368.719800
2026-08-29T08:26:38.983995Z,R-f6f77d9e,INGRESS_TOXICITY_CHECK,381.919800
2026-08-29T08:26:39.031490Z,R-c45b81df,INGRESS_TOXICITY_CHECK,427.654200
2026-08-29T08:26:39.067007Z,R-5925eeca,INGRESS_TOXICITY_CHECK,459.508100
2026-08-29T08:26:39.090988Z,R-4862f2a1,INGRESS_TOXICITY_CHECK,454.017200
2026-08-29T08:26:39.127911Z,R-0fee3d80,INGRESS_TOXICITY_CHECK,513.302300
2026-08-29T08:26:39.140125Z,R-550d3641,INGRESS_TOXICITY_CHECK,522.236700
2026-08-29T08:26:39.145748Z,R-7449221e,INGRESS_TOXICITY_CHECK,508.086000
2026-08-29T08:26:39.145748Z,R-ac908343,INGRESS_TOXICITY_CHECK,540.194300
2026-08-29T08:26:39.148406Z,R-65cf6fa9,INGRESS_TOXICITY_CHECK,534.239000
2026-08-29T08:26:39.149979Z,R-0baa8fea,INGRESS_TOXICITY_CHECK,539.822500
2026-08-29T08:26:39.154466Z,R-5e2f6d10,INGRESS_TOXICITY_CHECK,528.691300
2026-08-29T08:26:39.155969Z,R-5e489cdf,INGRESS_TOXICITY_CHECK,554.646000
2026-08-29T08:26:39.161551Z,R-b7864e6f,INGRESS_TOXICITY_CHECK,542.830200
2026-08-29T08:26:39.490513Z,R-273a67ee,INGRESS_TOXICITY_CHECK,323.906400
2026-08-29T08:26:42.054578Z,R-a583fdc8,LLM_INITIAL_CALL,3103.176600
2026-08-29T08:26:42.072309Z,R-a583fdc8,EGRESS_PII_GUARDRAIL,16.556300
2026-08-29T08:26:42.131500Z,R-a583fdc8,EGRESS_TOXICITY_CHECK,59.634800
2026-08-29T08:26:42.203894Z,R-1626fc74,INGRESS_TOXICITY_CHECK,45.531400
2026-08-29T08:26:43.078918Z,R-adf8e79c,LLM_INITIAL_CALL,4043.799300
2026-08-29T08:26:43.110020Z,R-adf8e79c,EGRESS_PII_GUARDRAIL,9.850500
2026-08-29T08:26:43.168209Z,R-adf8e79c,EGRESS_TOXICITY_CHECK,52.050500
2026-08-29T08:26:43.279464Z,R-482e6bfb,INGRESS_TOXICITY_CHECK,83.653100
2026-08-29T08:26:47.715871Z,R-a583fdc8,LLM_WATCHDOG,5561.042900
2026-08-29T08:26:51.074463Z,R-adf8e79c,LLM_WATCHDOG,7880.023600
2026-08-29T08:26:55.363713Z,R-f6f77d9e,LLM_INITIAL_CALL,16323.319700
2026-08-29T08:26:55.421289Z,R-f6f77d9e,EGRESS_PII_GUARDRAIL,56.972800
2026-08-29T08:26:55.675266Z,R-f6f77d9e,EGRESS_TOXICITY_CHECK,252.735400
2026-08-29T08:27:06.345979Z,R-c45b81df,LLM_INITIAL_CALL,27276.498900
2026-08-29T08:27:06.433711Z,R-c45b81df,EGRESS_PII_GUARDRAIL,87.505800
2026-08-29T08:27:06.990955Z,R-c45b81df,EGRESS_TOXICITY_CHECK,555.062800
2026-08-29T08:27:08.795417Z,R-5925eeca,LLM_INITIAL_CALL,29705.924800
2026-08-29T08:27:08.836899Z,R-5925eeca,EGRESS_PII_GUARDRAIL,40.319100
2026-08-29T08:27:10.810559Z,R-5925eeca,EGRESS_TOXICITY_CHECK,1971.013500
2026-08-29T08:27:11.691289Z,R-f6f77d9e,LLM_WATCHDOG,15997.182000
2026-08-29T08:27:14.828284Z,R-0fee3d80,LLM_INITIAL_CALL,35686.833500
2026-08-29T08:27:14.886724Z,R-0fee3d80,EGRESS_PII_GUARDRAIL,57.123500
2026-08-29T08:27:18.038594Z,R-0fee3d80,EGRESS_TOXICITY_CHECK,3150.545000
2026-08-29T08:27:31.016869Z,R-c45b81df,LLM_WATCHDOG,23990.798300
2026-08-29T08:27:31.063454Z,R-ae87233f,INGRESS_TOXICITY_CHECK,355.332100
2026-08-29T08:27:39.713046Z,R-4862f2a1,LLM_INITIAL_CALL,60575.129300
2026-08-29T08:27:39.851171Z,R-4862f2a1,EGRESS_PII_GUARDRAIL,137.824000
2026-08-29T08:27:43.025709Z,R-4862f2a1,EGRESS_TOXICITY_CHECK,3170.216400
2026-08-29T08:27:44.611179Z,R-32e6e825,INGRESS_TOXICITY_CHECK,434.966500
2026-08-29T08:27:44.834237Z,R-1d42b1fb,INGRESS_TOXICITY_CHECK,212.215600
2026-08-29T08:27:45.245411Z,R-e087ca06,INGRESS_TOXICITY_CHECK,403.531700
2026-08-29T08:27:46.608576Z,R-5925eeca,LLM_WATCHDOG,35763.287400
2026-08-29T08:27:46.667839Z,R-51628420,INGRESS_TOXICITY_CHECK,1334.182200
2026-08-29T08:27:47.014598Z,R-c3995dcd,INGRESS_TOXICITY_CHECK,340.728200
2026-08-29T08:27:47.461578Z,R-df0d7a55,INGRESS_TOXICITY_CHECK,435.414000
2026-08-29T08:27:51.681855Z,R-65cf6fa9,LLM_INITIAL_CALL,72525.690500
2026-08-29T08:27:51.740818Z,R-65cf6fa9,EGRESS_PII_GUARDRAIL,58.411000
2026-08-29T08:27:52.826262Z,R-65cf6fa9,EGRESS_TOXICITY_CHECK,1083.291000
2026-08-29T08:27:53.266431Z,R-0fee3d80,LLM_WATCHDOG,35200.406700
2026-08-29T08:27:53.848176Z,R-7449221e,LLM_INITIAL_CALL,74695.869600
2026-08-29T08:27:53.867045Z,R-7449221e,EGRESS_PII_GUARDRAIL,18.572100
2026-08-29T08:27:58.943910Z,R-7449221e,EGRESS_TOXICITY_CHECK,5075.380400
2026-08-29T08:28:10.385863Z,R-4862f2a1,LLM_WATCHDOG,27335.445200
2026-08-29T08:28:21.364639Z,R-0baa8fea,LLM_INITIAL_CALL,102206.871400
2026-08-29T08:28:21.724598Z,R-0baa8fea,EGRESS_PII_GUARDRAIL,358.141900
2026-08-29T08:28:22.283635Z,R-65cf6fa9,LLM_WATCHDOG,29338.223000
2026-08-29T08:28:23.425749Z,R-0baa8fea,EGRESS_TOXICITY_CHECK,1700.580200
2026-08-29T08:28:38.840253Z,R-7449221e,LLM_WATCHDOG,39841.858600
2026-08-29T08:28:45.460170Z,R-eadd8d67,INGRESS_TOXICITY_CHECK,6280.874300
2026-08-29T08:28:47.012023Z,R-f5f4d74f,INGRESS_TOXICITY_CHECK,4825.673400
2026-08-29T08:28:52.275444Z,R-aa0a9cb4,INGRESS_TOXICITY_CHECK,6807.223200
2026-08-29T08:28:53.028544Z,R-1ec7a02e,INGRESS_TOXICITY_CHECK,9399.477300
2026-08-29T08:28:53.527265Z,R-5fda72c9,INGRESS_TOXICITY_CHECK,1141.428800
2026-08-29T08:28:58.623287Z,R-0baa8fea,LLM_WATCHDOG,35168.672900
2026-08-29T08:28:59.220865Z,R-273a67ee,LLM_INITIAL_CALL,139726.473000
2026-08-29T08:28:59.331694Z,R-273a67ee,EGRESS_PII_GUARDRAIL,116.106900
2026-08-29T08:28:59.847107Z,R-273a67ee,EGRESS_TOXICITY_CHECK,508.142200
2026-08-29T08:29:23.022160Z,R-1626fc74,LLM_INITIAL_CALL,160814.990500
2026-08-29T08:29:23.157941Z,R-1626fc74,EGRESS_PII_GUARDRAIL,133.924700
2026-08-29T08:29:24.185059Z,R-273a67ee,LLM_WATCHDOG,24310.546900
2026-08-29T08:29:24.523496Z,R-1626fc74,EGRESS_TOXICITY_CHECK,1364.974700
2026-08-29T08:29:30.990440Z,R-fd01fecf,INGRESS_TOXICITY_CHECK,275.892700
2026-08-29T08:29:38.484538Z,R-482e6bfb,LLM_INITIAL_CALL,175200.040400
2026-08-29T08:29:38.662337Z,R-482e6bfb,EGRESS_PII_GUARDRAIL,176.007800
2026-08-29T08:29:44.285078Z,R-ae87233f,LLM_INITIAL_CALL,133215.051900
2026-08-29T08:29:44.509828Z,R-ae87233f,EGRESS_PII_GUARDRAIL,223.844000
2026-08-29T08:29:54.510437Z,R-1626fc74,LLM_WATCHDOG,29962.388800
2026-08-29T08:29:54.526707Z,R-482e6bfb,EGRESS_TOXICITY_CHECK,15862.299500
2026-08-29T08:29:55.186194Z,R-d82d8903,INGRESS_TOXICITY_CHECK,8051.935100
2026-08-29T08:29:55.223447Z,R-ae87233f,EGRESS_TOXICITY_CHECK,10711.941600
2026-08-29T08:29:55.313879Z,R-df0d7a55,LLM_INITIAL_CALL,127845.233800
2026-08-29T08:29:55.358522Z,R-df0d7a55,EGRESS_PII_GUARDRAIL,44.910100
2026-08-29T08:29:56.492725Z,R-df0d7a55,EGRESS_TOXICITY_CHECK,1131.690000
2026-08-29T08:29:56.566792Z,R-b89fed00,INGRESS_TOXICITY_CHECK,1369.977400
2026-08-29T08:30:10.844925Z,R-482e6bfb,LLM_WATCHDOG,16292.896900
2026-08-29T08:30:11.797984Z,R-f5f4d74f,LLM_INITIAL_CALL,84772.132700
2026-08-29T08:30:11.973295Z,R-f5f4d74f,EGRESS_PII_GUARDRAIL,172.896600
2026-08-29T08:30:15.524938Z,R-ae87233f,LLM_WATCHDOG,20275.001800
2026-08-29T08:30:21.374261Z,R-1ec7a02e,LLM_INITIAL_CALL,88338.162300
2026-08-29T08:30:21.428016Z,R-1ec7a02e,EGRESS_PII_GUARDRAIL,53.645500
2026-08-29T08:30:21.975860Z,R-df0d7a55,LLM_WATCHDOG,25444.785200
2026-08-29T08:30:22.577691Z,R-f5f4d74f,EGRESS_TOXICITY_CHECK,10602.020800
2026-08-29T08:30:22.875016Z,R-1ec7a02e,EGRESS_TOXICITY_CHECK,1444.161500
2026-08-29T08:30:22.904310Z,R-5fda72c9,LLM_INITIAL_CALL,89374.766800
2026-08-29T08:30:22.927031Z,R-5fda72c9,EGRESS_PII_GUARDRAIL,19.588000
2026-08-29T08:30:23.067618Z,R-a6d31bbd,INGRESS_TOXICITY_CHECK,457.758400
2026-08-29T08:30:23.340062Z,R-a1c481fa,INGRESS_TOXICITY_CHECK,433.328500
2026-08-29T08:30:23.366593Z,R-5fda72c9,EGRESS_TOXICITY_CHECK,439.028100
2026-08-29T08:30:23.632727Z,R-d25d9294,INGRESS_TOXICITY_CHECK,228.151900
2026-08-29T08:30:37.328269Z,R-fd01fecf,LLM_INITIAL_CALL,66334.163700
2026-08-29T08:30:37.654887Z,R-fd01fecf,EGRESS_PII_GUARDRAIL,324.840400
2026-08-29T08:30:40.360778Z,R-1ec7a02e,LLM_WATCHDOG,17458.463400
2026-08-29T08:30:49.973309Z,R-fd01fecf,EGRESS_TOXICITY_CHECK,12317.306200
2026-08-29T08:30:51.419982Z,R-18c74235,INGRESS_TOXICITY_CHECK,1404.644200
2026-08-29T08:30:51.629100Z,R-97109e29,INGRESS_TOXICITY_CHECK,198.957000
2026-08-29T08:31:01.328726Z,R-f5f4d74f,LLM_WATCHDOG,38722.495600
2026-08-29T08:31:04.792500Z,R-5fda72c9,LLM_WATCHDOG,41397.983200
2026-08-29T08:31:09.970934Z,R-b89fed00,LLM_INITIAL_CALL,73400.851800
2026-08-29T08:31:10.195890Z,R-b89fed00,EGRESS_PII_GUARDRAIL,224.468400
2026-08-29T08:31:18.688521Z,R-fd01fecf,LLM_WATCHDOG,28676.589600
2026-08-29T08:31:18.941236Z,R-b89fed00,EGRESS_TOXICITY_CHECK,8737.313000
2026-08-29T08:31:19.203816Z,R-e2f6c672,INGRESS_TOXICITY_CHECK,219.877600
2026-08-29T08:31:31.661744Z,R-a6d31bbd,LLM_INITIAL_CALL,68588.858500
2026-08-29T08:31:32.698133Z,R-a6d31bbd,EGRESS_PII_GUARDRAIL,942.461300
2026-08-29T08:31:40.309333Z,R-a6d31bbd,EGRESS_TOXICITY_CHECK,7610.258200
2026-08-29T08:31:44.326256Z,R-b89fed00,LLM_WATCHDOG,25346.847100
2026-08-29T08:32:03.620298Z,R-a6d31bbd,LLM_WATCHDOG,23234.294200
2026-08-29T08:32:05.257627Z,R-a1c481fa,LLM_INITIAL_CALL,101911.822400
2026-08-29T08:32:05.387559Z,R-a1c481fa,EGRESS_PII_GUARDRAIL,128.775600
2026-08-29T08:32:05.926764Z,R-a1c481fa,EGRESS_TOXICITY_CHECK,538.448400
2026-08-29T08:32:20.259162Z,R-d25d9294,LLM_INITIAL_CALL,116622.173700
2026-08-29T08:32:20.368167Z,R-d25d9294,EGRESS_PII_GUARDRAIL,108.222000
2026-08-29T08:32:20.802196Z,R-d25d9294,EGRESS_TOXICITY_CHECK,432.881600
2026-08-29T08:32:41.999036Z,R-97109e29,LLM_INITIAL_CALL,110362.618500
2026-08-29T08:32:42.148685Z,R-97109e29,EGRESS_PII_GUARDRAIL,148.992700
2026-08-29T08:32:44.122491Z,R-a1c481fa,LLM_WATCHDOG,38165.253500
2026-08-29T08:32:46.585948Z,R-97109e29,EGRESS_TOXICITY_CHECK,4435.382700
2026-08-29T08:32:47.742936Z,R-e2f6c672,LLM_INITIAL_CALL,88536.542300
2026-08-29T08:32:47.774620Z,R-e2f6c672,EGRESS_PII_GUARDRAIL,30.054800
2026-08-29T08:32:48.012794Z,R-e2f6c672,EGRESS_TOXICITY_CHECK,236.766500
2026-08-29T08:32:56.329553Z,R-d25d9294,LLM_WATCHDOG,35495.517500
2026-08-29T08:33:06.289622Z,R-97109e29,LLM_WATCHDOG,19671.115400
2026-08-29T08:33:09.632162Z,R-e2f6c672,LLM_WATCHDOG,21584.992600
2026-09-03T08:49:03.015125Z,R-a82fea15,INGRESS_TOXICITY_CHECK,0.426300
2026-09-03T08:49:15.997664Z,R-a82fea15,LLM_INITIAL_CALL,12936.633500
2026-09-03T08:49:16.025430Z,R-a82fea15,EGRESS_PII_GUARDRAIL,27.205800
2026-09-03T08:49:16.026429Z,R-a82fea15,EGRESS_TOXICITY_CHECK,0.287900
2026-09-03T08:49:55.263666Z,R-133ad437,INGRESS_TOXICITY_CHECK,0.546300
2026-09-03T08:50:04.060064Z,R-133ad437,LLM_INITIAL_CALL,8795.511500
2026-09-03T08:50:04.096803Z,R-133ad437,EGRESS_PII_GUARDRAIL,36.505400
2026-09-03T08:50:04.098309Z,R-133ad437,EGRESS_TOXICITY_CHECK,0.293000
2026-09-03T08:50:34.632280Z,R-133ad437,LLM_WATCHDOG,30530.741000
2026-09-03T08:51:51.415498Z,R-8feebe78,INGRESS_TOXICITY_CHECK,0.499800
2026-09-03T08:52:00.184493Z,R-8feebe78,LLM_INITIAL_CALL,8767.633800
2026-09-03T08:52:00.219250Z,R-8feebe78,EGRESS_PII_GUARDRAIL,34.041800
2026-09-03T08:52:00.220252Z,R-8feebe78,EGRESS_TOXICITY_CHECK,0.294800
2026-09-03T08:52:22.418812Z,R-429d4f02,INGRESS_TOXICITY_CHECK,90.244800
2026-09-03T08:52:31.114462Z,R-429d4f02,LLM_INITIAL_CALL,8694.796300
2026-09-03T08:52:31.153741Z,R-429d4f02,EGRESS_PII_GUARDRAIL,38.501200
2026-09-03T08:52:31.348055Z,R-429d4f02,EGRESS_TOXICITY_CHECK,193.707700
2026-09-03T08:52:34.980679Z,R-429d4f02,LLM_WATCHDOG,3629.234500
2026-09-03T08:53:30.592346Z,R-20edb70b,INGRESS_TOXICITY_CHECK,30.137100
2026-09-03T08:53:30.593349Z,R-20edb70b,LLM_INITIAL_CALL,0.003900
2026-09-03T08:53:36.662065Z,R-20edb70b,LLM_TOOL_FEEDBACK_CALL,6067.046300
2026-09-03T08:53:36.672859Z,R-20edb70b,EGRESS_PII_GUARDRAIL,9.814800
2026-09-03T08:53:36.713047Z,R-20edb70b,EGRESS_TOXICITY_CHECK,39.521200
2026-09-03T08:53:49.612578Z,R-20edb70b,LLM_WATCHDOG,12894.814400
2026-09-03T08:54:40.441078Z,R-17634a54,INGRESS_TOXICITY_CHECK,31.421200
2026-09-03T08:54:40.442040Z,R-17634a54,LLM_INITIAL_CALL,0.003100
2026-09-03T08:54:44.876425Z,R-17634a54,LLM_TOOL_FEEDBACK_CALL,4433.042900
2026-09-03T08:54:44.884902Z,R-17634a54,EGRESS_PII_GUARDRAIL,7.537100
2026-09-03T08:54:44.921617Z,R-17634a54,EGRESS_TOXICITY_CHECK,35.987700
2026-09-03T08:54:54.316268Z,R-17634a54,LLM_WATCHDOG,9391.099100
2026-09-03T08:56:09.260381Z,R-00ea919a,INGRESS_TOXICITY_CHECK,40.219400
2026-09-03T08:56:09.262382Z,R-00ea919a,LLM_INITIAL_CALL,0.004500
2026-09-03T08:56:13.653917Z,R-00ea919a,LLM_TOOL_FEEDBACK_CALL,4389.478800
2026-09-03T08:56:13.663461Z,R-00ea919a,EGRESS_PII_GUARDRAIL,8.475800
2026-09-03T08:56:13.702629Z,R-00ea919a,EGRESS_TOXICITY_CHECK,37.832000
2026-09-03T08:56:22.646721Z,R-00ea919a,LLM_WATCHDOG,8939.962800
2026-09-03T09:58:22.929273Z,R-eb06d2e8,INGRESS_TOXICITY_CHECK,0.620300
2026-09-03T09:58:31.798539Z,R-eb06d2e8,LLM_INITIAL_CALL,8867.951900
2026-09-03T09:58:31.833783Z,R-eb06d2e8,EGRESS_PII_GUARDRAIL,34.312500
2026-09-03T09:58:31.833783Z,R-eb06d2e8,EGRESS_TOXICITY_CHECK,0.293600
2026-09-03T09:58:57.009598Z,R-5ebd1d2a,INGRESS_TOXICITY_CHECK,40.461800
2026-09-03T09:59:05.701774Z,R-5ebd1d2a,LLM_INITIAL_CALL,8690.306500
2026-09-03T09:59:05.734646Z,R-5ebd1d2a,EGRESS_PII_GUARDRAIL,31.987200
2026-09-03T09:59:05.934780Z,R-5ebd1d2a,EGRESS_TOXICITY_CHECK,199.470700
2026-09-03T09:59:13.871985Z,R-5ebd1d2a,LLM_WATCHDOG,7934.336600
2026-09-03T10:00:12.421929Z,R-5ab390fe,INGRESS_TOXICITY_CHECK,34.173400
2026-09-03T10:00:12.423934Z,R-5ab390fe,LLM_INITIAL_CALL,0.004200
2026-09-03T10:00:16.869101Z,R-5ab390fe,LLM_TOOL_FEEDBACK_CALL,4443.342700
2026-09-03T10:00:16.878754Z,R-5ab390fe,EGRESS_PII_GUARDRAIL,8.405400
2026-09-03T10:00:16.913734Z,R-5ab390fe,EGRESS_TOXICITY_CHECK,34.967800
2026-09-03T10:00:25.920430Z,R-5ab390fe,LLM_WATCHDOG,9002.672100
2026-09-03T10:01:29.113284Z,R-404e8f69,INGRESS_TOXICITY_CHECK,35.580700
2026-09-03T10:01:29.114283Z,R-404e8f69,LLM_INITIAL_CALL,0.004400
2026-09-03T10:01:33.547900Z,R-404e8f69,LLM_TOOL_FEEDBACK_CALL,4432.659400
2026-09-03T10:01:33.556875Z,R-404e8f69,EGRESS_PII_GUARDRAIL,7.877800
2026-09-03T10:01:33.597015Z,R-404e8f69,EGRESS_TOXICITY_CHECK,39.313200
2026-09-03T10:01:43.610452Z,R-404e8f69,LLM_WATCHDOG,10008.589300
2026-09-08T04:54:50.816962Z,N/A,LLM_WATCHDOG,13868.079600
2026-09-08T06:01:35.054045Z,R-d3edc832,INGRESS_INJECTION_CHECK,182.630600
2026-09-08T06:01:35.067555Z,R-d3edc832,INGRESS_TOXICITY_CHECK,26.120000
2026-09-08T06:01:35.081687Z,R-d3edc832,LLM_INITIAL_CALL,0.004500
2026-09-08T06:01:39.813424Z,R-d3edc832,LLM_TOOL_FEEDBACK_CALL,4730.021100
2026-09-08T06:01:39.828205Z,R-d3edc832,EGRESS_PII_GUARDRAIL,13.761400
2026-09-08T06:01:39.864420Z,R-d3edc832,EGRESS_TOXICITY_CHECK,36.984300
2026-09-08T06:01:46.919186Z,R-d3edc832,LLM_WATCHDOG,7048.955500
2026-09-08T06:02:19.119611Z,R-ac35f2ea,INGRESS_INJECTION_CHECK,10.370100
2026-09-08T06:02:38.546819Z,R-4b003fb1,INGRESS_INJECTION_CHECK,10.099300
2026-09-08T06:03:15.848223Z,R-d6c5c324,INGRESS_INJECTION_CHECK,9.682700
2026-09-08T06:03:25.263899Z,R-e8682cd3,INGRESS_INJECTION_CHECK,11.340900
2026-09-08T06:03:38.405900Z,R-76787aac,INGRESS_INJECTION_CHECK,97.161700
2026-09-08T06:03:38.434522Z,R-76787aac,INGRESS_TOXICITY_CHECK,27.785200
2026-09-08T06:03:41.348881Z,R-76787aac,LLM_INITIAL_CALL,2912.981900
2026-09-08T06:03:51.763888Z,R-76787aac,LLM_TOOL_FEEDBACK_CALL,10413.245400
2026-09-08T06:03:51.781147Z,R-76787aac,EGRESS_PII_GUARDRAIL,16.711200
2026-09-08T06:03:51.888249Z,R-76787aac,EGRESS_TOXICITY_CHECK,105.566100
2026-09-08T06:04:13.521694Z,R-76787aac,LLM_WATCHDOG,21628.893400
2026-09-08T18:12:56.394748Z,R-1e1b533a,INGRESS_INJECTION_CHECK,13245.336200
2026-09-08T18:12:56.730202Z,R-1e1b533a,INGRESS_TOXICITY_CHECK,314.632700
2026-09-08T18:12:56.731118Z,R-1e1b533a,LLM_INITIAL_CALL,0.008200
2026-09-08T18:12:56.733701Z,R-1e1b533a,LLM_TOOL_FEEDBACK_CALL,0.004700
2026-09-08T18:12:57.045691Z,R-1e1b533a,EGRESS_PII_GUARDRAIL,311.250600
2026-09-08T18:12:57.181880Z,R-1e1b533a,LLM_WATCHDOG,0.202700
2026-09-08T18:12:57.330177Z,R-c16f796c,INGRESS_INJECTION_CHECK,145.659900
2026-09-08T18:12:57.365387Z,R-c16f796c,INGRESS_TOXICITY_CHECK,33.620400
2026-09-08T18:12:57.365942Z,R-c16f796c,LLM_INITIAL_CALL,0.008400
2026-09-08T18:12:57.639977Z,R-bff7ee05,INGRESS_INJECTION_CHECK,149.505000
2026-09-08T18:12:57.677341Z,R-bff7ee05,INGRESS_TOXICITY_CHECK,36.427800
2026-09-08T18:12:57.678346Z,R-bff7ee05,LLM_INITIAL_CALL,0.011200
2026-09-08T18:12:57.846808Z,R-b8e3f9dd,INGRESS_INJECTION_CHECK,151.963600
2026-09-08T18:12:57.881901Z,R-b8e3f9dd,INGRESS_TOXICITY_CHECK,34.340900
2026-09-08T18:12:57.883101Z,R-b8e3f9dd,LLM_INITIAL_CALL,0.008700
2026-09-08T18:12:58.129551Z,R-373f0a1e,INGRESS_INJECTION_CHECK,122.811300
2026-09-08T18:12:58.170493Z,R-373f0a1e,INGRESS_TOXICITY_CHECK,36.415800
2026-09-08T18:12:58.172537Z,R-373f0a1e,LLM_INITIAL_CALL,0.006800
2026-09-08T18:12:58.347688Z,R-2a1e800d,INGRESS_INJECTION_CHECK,154.286300
2026-09-08T18:12:58.381142Z,R-2a1e800d,INGRESS_TOXICITY_CHECK,33.123900
2026-09-08T18:12:58.382646Z,R-2a1e800d,LLM_INITIAL_CALL,0.007700
2026-09-08T18:12:58.383706Z,R-2a1e800d,LLM_TOOL_FEEDBACK_CALL,0.002400
2026-09-08T18:12:58.391582Z,R-2a1e800d,EGRESS_PII_GUARDRAIL,7.187400
2026-09-08T18:12:58.430978Z,R-2a1e800d,LLM_WATCHDOG,0.137000
2026-09-08T18:36:24.750739Z,R-1cfcc6f0,INGRESS_INJECTION_CHECK,229.769900
2026-09-08T18:36:24.761798Z,R-1cfcc6f0,INGRESS_TOXICITY_CHECK,23.474900
2026-09-08T18:37:32.931514Z,R-d19cdfd2,INGRESS_INJECTION_CHECK,230.274700
2026-09-08T18:37:32.965344Z,R-d19cdfd2,INGRESS_TOXICITY_CHECK,33.443400
2026-09-08T18:37:32.966525Z,R-d19cdfd2,LLM_INITIAL_CALL,0.011900
2026-09-08T18:37:32.969281Z,R-d19cdfd2,LLM_TOOL_FEEDBACK_CALL,0.003600
2026-09-08T18:37:32.987015Z,R-d19cdfd2,EGRESS_PII_GUARDRAIL,17.308900
2026-09-08T18:37:33.019501Z,R-d19cdfd2,EGRESS_TOXICITY_CHECK,31.123700
2026-09-08T18:37:33.023376Z,R-d19cdfd2,LLM_WATCHDOG,0.128900
2026-09-08T18:37:33.114512Z,R-dfbdd1bc,INGRESS_INJECTION_CHECK,89.090500
2026-09-08T18:37:33.145810Z,R-dfbdd1bc,INGRESS_TOXICITY_CHECK,30.603300
2026-09-08T18:37:33.146769Z,R-dfbdd1bc,LLM_INITIAL_CALL,0.011800
2026-09-08T18:37:33.243640Z,R-e8c48c91,INGRESS_INJECTION_CHECK,86.494700
2026-09-08T18:37:33.267665Z,R-e8c48c91,INGRESS_TOXICITY_CHECK,23.424400
2026-09-08T18:37:33.269188Z,R-e8c48c91,LLM_INITIAL_CALL,0.011800
2026-09-08T18:37:33.349778Z,R-5598895c,INGRESS_INJECTION_CHECK,68.546900
2026-09-08T18:52:25.611591Z,R-303b9f67,INGRESS_INJECTION_CHECK,239.971600
2026-09-08T18:52:25.642231Z,R-303b9f67,INGRESS_TOXICITY_CHECK,29.758700
2026-09-08T18:52:25.642760Z,R-303b9f67,LLM_INITIAL_CALL,0.007000
2026-09-08T18:52:25.644333Z,R-303b9f67,LLM_TOOL_FEEDBACK_CALL,0.002500
2026-09-08T18:52:25.655491Z,R-303b9f67,EGRESS_PII_GUARDRAIL,10.364100
2026-09-08T18:52:25.686570Z,R-303b9f67,LLM_WATCHDOG,0.117200
2026-09-09T03:05:58.185868Z,R-2d2bd575,INGRESS_INJECTION_CHECK,35347.589800
2026-09-09T03:05:58.400961Z,R-2d2bd575,INGRESS_TOXICITY_CHECK,185.662200
2026-09-09T03:06:01.030230Z,R-2d2bd575,LLM_INITIAL_CALL,2628.104600
2026-09-09T03:06:01.212926Z,R-2d2bd575,EGRESS_PII_GUARDRAIL,182.040900
2026-09-09T03:06:01.295474Z,R-2d2bd575,EGRESS_TOXICITY_CHECK,80.847600
2026-09-09T03:06:03.638092Z,R-2d2bd575,LLM_WATCHDOG,2337.145200
2026-09-09T09:23:12.122442Z,R-46526a19,INGRESS_INJECTION_CHECK,11196.788300
2026-09-09T09:23:12.236659Z,R-46526a19,INGRESS_TOXICITY_CHECK,92.721900
2026-09-09T09:23:20.278306Z,R-46526a19,LLM_INITIAL_CALL,8039.207500
2026-09-09T09:23:34.518513Z,R-069d11e1,INGRESS_INJECTION_CHECK,123.610300
2026-09-09T09:23:34.552371Z,R-069d11e1,INGRESS_TOXICITY_CHECK,22.819200
2026-09-09T09:23:34.552876Z,R-069d11e1,LLM_INITIAL_CALL,0.004700
2026-09-09T09:23:38.715045Z,R-069d11e1,LLM_TOOL_FEEDBACK_CALL,4160.492800
2026-09-09T09:23:38.868915Z,R-069d11e1,EGRESS_PII_GUARDRAIL,153.371800
2026-09-09T09:23:38.906750Z,R-069d11e1,EGRESS_TOXICITY_CHECK,37.930200
2026-09-09T09:23:50.879275Z,R-069d11e1,LLM_WATCHDOG,11945.275400
2026-09-09T09:24:05.485154Z,R-9851c018,INGRESS_INJECTION_CHECK,184.872600
2026-09-09T09:24:05.524401Z,R-9851c018,INGRESS_TOXICITY_CHECK,28.603000
2026-09-09T09:24:14.908749Z,R-9851c018,LLM_INITIAL_CALL,9383.281900
2026-09-09T09:24:14.930093Z,R-9851c018,EGRESS_PII_GUARDRAIL,21.870200
2026-09-09T09:24:15.065438Z,R-9851c018,EGRESS_TOXICITY_CHECK,132.901200
2026-09-09T09:24:18.840017Z,R-9851c018,LLM_WATCHDOG,3770.099800
2026-09-09T09:24:31.744896Z,R-b41dfb7b,INGRESS_INJECTION_CHECK,114.474200
2026-09-09T09:24:31.746646Z,R-b41dfb7b,INGRESS_TOXICITY_CHECK,0.333600
2026-09-09T09:24:38.489180Z,R-b41dfb7b,LLM_INITIAL_CALL,6741.228900
2026-09-09T09:24:38.523264Z,R-b41dfb7b,EGRESS_PII_GUARDRAIL,37.068200
2026-09-09T09:24:38.528240Z,R-b41dfb7b,EGRESS_TOXICITY_CHECK,0.509200
2026-09-09T13:57:32.609215Z,N/A,LLM_WATCHDOG,2586.561200
2026-09-09T13:57:38.662639Z,N/A,LLM_WATCHDOG,5959.832200
2026-09-09T14:31:03.687313Z,N/A,LLM_WATCHDOG,2711.086100
2026-09-09T14:31:12.134459Z,N/A,LLM_WATCHDOG,8296.560000
2026-09-09T14:48:01.277971Z,N/A,LLM_WATCHDOG,2524.823400
2026-09-09T14:48:12.153803Z,N/A,LLM_WATCHDOG,6348.251500
2026-09-09T15:03:12.982566Z,N/A,LLM_WATCHDOG,5112.784600
2026-09-09T15:03:18.928662Z,N/A,LLM_WATCHDOG,5763.123700
2026-09-09T15:03:24.641014Z,N/A,LLM_WATCHDOG,5648.233300
2026-09-09T15:28:37.665761Z,N/A,LLM_WATCHDOG,9512.780100
2026-09-09T15:28:47.588572Z,N/A,LLM_WATCHDOG,6343.354000
2026-09-09T15:58:18.396952Z,N/A,LLM_WATCHDOG,3572.794400
2026-09-09T16:04:38.042320Z,N/A,LLM_WATCHDOG,2758.762300
2026-09-09T16:04:41.894948Z,N/A,LLM_WATCHDOG,3380.749800
2026-09-09T16:06:12.221933Z,N/A,LLM_WATCHDOG,2922.828800
2026-09-09T16:06:38.123789Z,N/A,LLM_WATCHDOG,5579.880700
2026-09-09T16:06:40.195693Z,N/A,LLM_WATCHDOG,7320.035500
2026-09-09T16:22:36.215103Z,N/A,LLM_WATCHDOG,6513.518900
2026-09-09T16:22:49.803353Z,N/A,LLM_WATCHDOG,9575.999300
2026-09-09T16:22:51.995567Z,N/A,LLM_WATCHDOG,10672.201100
2026-09-09T16:22:55.721394Z,N/A,LLM_WATCHDOG,1996.026700
2026-09-09T16:24:50.811957Z,N/A,LLM_WATCHDOG,2474.141500
2026-09-09T16:24:59.992013Z,N/A,LLM_WATCHDOG,9823.101000
2026-09-09T16:29:59.907789Z,N/A,LLM_WATCHDOG,2588.519300
2026-09-09T16:45:10.799613Z,N/A,LLM_WATCHDOG,2637.536500
2026-09-09T16:55:20.296205Z,N/A,LLM_WATCHDOG,2618.385700
2026-09-09T17:05:09.692624Z,N/A,LLM_WATCHDOG,2764.847300
2026-09-09T17:07:44.654716Z,N/A,LLM_WATCHDOG,2779.404100
2026-09-09T17:08:54.514993Z,N/A,LLM_WATCHDOG,5577.181600
2026-09-09T17:12:29.520842Z,N/A,LLM_WATCHDOG,5235.407500
2026-09-09T17:16:05.155018Z,N/A,LLM_WATCHDOG,2710.772200
2026-09-09T17:16:53.257190Z,N/A,LLM_WATCHDOG,7261.555200
2026-09-09T17:17:18.494142Z,N/A,LLM_WATCHDOG,4699.010300
2026-09-09T17:17:50.167286Z,N/A,LLM_WATCHDOG,2344.215600
2026-09-09T17:19:06.932945Z,N/A,LLM_WATCHDOG,1891.031700
2026-09-09T17:22:20.260441Z,N/A,LLM_WATCHDOG,2656.957700
2026-09-09T17:24:19.198683Z,R-e613d394,INGRESS_INJECTION_CHECK,14746.217000
2026-09-09T17:24:19.241284Z,R-e613d394,INGRESS_TOXICITY_CHECK,37.394100
2026-09-09T17:24:29.880969Z,R-e613d394,LLM_INITIAL_CALL,10637.519700
2026-09-09T17:24:30.107048Z,R-e613d394,EGRESS_PII_GUARDRAIL,226.075500
2026-09-09T17:24:30.263286Z,R-e613d394,EGRESS_TOXICITY_CHECK,154.496400
2026-09-09T17:24:34.493714Z,R-e613d394,LLM_WATCHDOG,4194.549500
2026-09-09T17:24:55.864406Z,R-2f019fe5,INGRESS_INJECTION_CHECK,103.161200
2026-09-09T17:24:55.865527Z,R-2f019fe5,INGRESS_TOXICITY_CHECK,0.358100
2026-09-09T17:25:03.073170Z,R-2f019fe5,LLM_INITIAL_CALL,7206.673800
2026-09-09T17:25:03.182508Z,R-2f019fe5,EGRESS_PII_GUARDRAIL,108.169200
2026-09-09T17:25:03.183561Z,R-2f019fe5,EGRESS_TOXICITY_CHECK,0.351200
2026-09-09T17:25:54.185027Z,R-2f019fe5,LLM_WATCHDOG,50997.323200
2026-09-09T17:27:19.476214Z,N/A,LLM_WATCHDOG,7809.271700
2026-09-10T03:38:57.168918Z,N/A,LLM_WATCHDOG,7097.004300
2026-09-10T03:42:29.127447Z,N/A,LLM_WATCHDOG,2645.458500
2026-09-10T03:45:12.107511Z,N/A,LLM_WATCHDOG,2022.911600
2026-09-10T04:28:21.857005Z,N/A,LLM_WATCHDOG,3496.628500
2026-09-10T04:35:53.405932Z,N/A,LLM_WATCHDOG,5630.805600
2026-09-10T04:40:20.367437Z,N/A,LLM_WATCHDOG,1766.717900
2026-09-10T04:40:39.512696Z,N/A,LLM_WATCHDOG,2500.027700
2026-09-10T04:56:50.212931Z,N/A,LLM_WATCHDOG,2578.846700
2026-09-10T05:15:24.474335Z,N/A,LLM_WATCHDOG,2957.226500
2026-09-10T05:38:41.754345Z,N/A,LLM_WATCHDOG,2575.330000
2026-09-10T05:42:02.425926Z,N/A,LLM_WATCHDOG,10434.828900
2026-09-10T05:48:07.829517Z,N/A,LLM_WATCHDOG,9680.267600
2026-09-10T05:49:45.882065Z,N/A,LLM_WATCHDOG,2077.521100
2026-09-10T05:54:13.707939Z,N/A,LLM_WATCHDOG,2589.213800
2026-09-10T06:16:43.380382Z,N/A,LLM_WATCHDOG,2377.274300
2026-09-10T06:17:58.132033Z,N/A,LLM_WATCHDOG,9525.174100
2026-09-10T06:19:14.719574Z,N/A,LLM_WATCHDOG,1925.205700
2026-09-10T07:23:56.993281Z,N/A,LLM_WATCHDOG,2417.203400
2026-09-10T07:24:02.946878Z,N/A,LLM_WATCHDOG,5871.583000
2026-09-10T07:36:52.097824Z,N/A,LLM_WATCHDOG,6823.909100
2026-09-10T07:37:39.989062Z,N/A,LLM_WATCHDOG,2227.552800
2026-09-10T07:40:08.283061Z,N/A,LLM_WATCHDOG,1712.863600
2026-09-10T07:44:50.779331Z,N/A,LLM_WATCHDOG,1915.321200
2026-09-10T08:20:54.244109Z,N/A,LLM_WATCHDOG,2746.194700
2026-09-10T08:24:17.839898Z,N/A,LLM_WATCHDOG,2163.886700
2026-09-10T08:33:27.217182Z,N/A,LLM_WATCHDOG,2475.855800
2026-09-10T08:48:12.195130Z,N/A,LLM_WATCHDOG,2425.318600
2026-09-10T08:49:03.317371Z,N/A,LLM_WATCHDOG,12990.988500
2026-09-10T08:50:21.476615Z,N/A,LLM_WATCHDOG,23483.660100
2026-09-10T08:50:31.136747Z,N/A,LLM_WATCHDOG,8109.489000
2026-09-10T08:50:40.926442Z,N/A,LLM_WATCHDOG,5047.678600
2026-09-10T08:50:47.151456Z,N/A,LLM_WATCHDOG,5006.667600
2026-09-10T08:52:36.945372Z,N/A,LLM_WATCHDOG,1744.210500
2026-09-10T08:53:21.640504Z,N/A,LLM_WATCHDOG,12968.464200
2026-09-10T08:55:14.887253Z,N/A,LLM_WATCHDOG,2660.108800
2026-09-10T08:58:22.242053Z,N/A,LLM_WATCHDOG,2695.677100
2026-09-10T08:58:52.634848Z,N/A,LLM_WATCHDOG,7748.319900
2026-09-10T09:00:31.741345Z,N/A,LLM_WATCHDOG,2270.055800
2026-09-10T09:03:39.525727Z,N/A,LLM_WATCHDOG,2258.526100
2026-09-10T09:05:04.197813Z,N/A,LLM_WATCHDOG,2525.227900
2026-09-10T09:05:38.264616Z,N/A,LLM_WATCHDOG,11859.800100
2026-09-10T09:06:42.921886Z,N/A,LLM_WATCHDOG,2610.893600
2026-09-10T09:07:36.465475Z,N/A,LLM_WATCHDOG,2199.607400
2026-09-10T10:38:55.943952Z,N/A,LLM_WATCHDOG,29730.674700
2026-09-10T10:40:20.628200Z,N/A,LLM_WATCHDOG,1801.973500
2026-09-10T11:22:25.234517Z,N/A,LLM_WATCHDOG,2604.821000
2026-09-11T05:21:47.391712Z,N/A,LLM_WATCHDOG,4592.084300
2026-09-11T05:37:40.297794Z,N/A,LLM_WATCHDOG,3502.496200
2026-09-11T05:48:17.522594Z,N/A,LLM_WATCHDOG,2191.824300
2026-09-11T05:57:22.591076Z,N/A,LLM_WATCHDOG,1702.556700
2026-09-11T06:01:39.080196Z,N/A,LLM_WATCHDOG,2588.978200
2026-09-11T06:01:51.384518Z,N/A,LLM_WATCHDOG,2536.982700
2026-09-11T06:34:45.610940Z,N/A,LLM_WATCHDOG,3286.104600
2026-09-11T09:24:36.468856Z,N/A,LLM_WATCHDOG,3053.383400
2026-09-11T09:26:39.619100Z,N/A,LLM_WATCHDOG,1889.144100
2026-09-11T09:26:59.583726Z,N/A,LLM_WATCHDOG,5235.060200
2026-09-14T11:12:38.479538Z,N/A,LLM_WATCHDOG,4634.539900
2026-09-14T11:15:36.205704Z,N/A,LLM_WATCHDOG,2458.872300
2026-09-14T11:16:07.846278Z,N/A,LLM_WATCHDOG,5548.746900
